family_id,mode,n,p_record,q_target,k_contexts,descriptor_signature,local_exact_all,invariant_exact_direct,invariant_exact_agreement,lift_direct_consistent,agreement_basis_dim,lifted_rank,lifted_residual_norm,stack_residual_norm,stack_alignment,free_aug_threshold,restricted_aug_threshold,restricted_aug_found,free_aug_constructed_exact,candidate_count,library_rank_gain,library_target_defect,library_full_pool_feasible,library_full_pool_exact,library_search_limit,library_found_within_limit,notes
ao_pair_0_good,paired_shared,8,4,3,4,n8|p4|q3|k4|budget16|stackr4|targetr3,1,1,1,1,4,4,8.869910196175953e-13,2.8978037483405645e-13,0.999999999999998,0,0,1,1,11,3,0,1,1,2,1,
ao_pair_0_bad,paired_mismatch,8,4,3,4,n8|p4|q3|k4|budget16|stackr4|targetr3,1,0,0,1,0,0,inf,7.50182224385962e-14,0.9999999999999994,3,,0,1,17,7,0,1,1,2,0,
ao_pair_1_good,paired_shared,7,4,3,4,n7|p4|q3|k4|budget16|stackr4|targetr3,1,1,1,1,4,4,8.10524978081228e-13,4.348638005864436e-13,0.9999999999999972,0,0,1,1,11,3,0,1,1,2,1,
ao_pair_1_bad,paired_mismatch,7,4,3,4,n7|p4|q3|k4|budget16|stackr4|targetr3,1,0,0,1,0,0,inf,8.111894501841767e-14,0.9999999999999994,3,,0,1,17,7,0,1,1,2,0,
ao_pair_2_good,paired_shared,7,4,2,2,n7|p4|q2|k2|budget8|stackr4|targetr2,1,1,1,1,4,4,1.2031129934424425e-13,3.03216359686773e-13,0.9999999999999971,0,0,1,1,11,3,0,1,1,2,1,
ao_pair_2_bad,paired_mismatch,7,4,2,2,n7|p4|q2|k2|budget8|stackr4|targetr2,1,0,0,1,0,0,inf,4.5704525782741026e-14,0.9999999999999996,2,,0,1,13,7,0,1,1,2,0,
ao_pair_3_good,paired_shared,8,4,2,3,n8|p4|q2|k3|budget12|stackr4|targetr2,1,1,1,1,4,4,3.5012512644019294e-13,1.1904904461271705e-13,0.9999999999999983,0,0,1,1,11,3,0,1,1,2,1,
ao_pair_3_bad,paired_mismatch,8,4,2,3,n8|p4|q2|k3|budget12|stackr4|targetr2,1,0,0,1,0,0,inf,4.4072358274551597e-14,0.9999999999999993,2,,0,1,15,7,0,1,1,2,0,
ao_pair_4_good,paired_shared,8,5,3,2,n8|p5|q3|k2|budget10|stackr5|targetr3,1,1,1,1,5,5,1.2786684918934496e-13,1.419259369147853e-13,0.9999999999999989,0,0,1,1,11,3,0,1,1,2,1,
ao_pair_4_bad,paired_mismatch,8,5,3,2,n8|p5|q3|k2|budget10|stackr5|targetr3,1,0,0,1,0,0,inf,8.309097810529309e-14,0.9999999999999993,3,,0,1,13,8,0,1,1,2,0,
ao_pair_5_good,paired_shared,6,3,3,3,n6|p3|q3|k3|budget9|stackr3|targetr3,1,1,1,1,3,3,9.955921491304566e-14,2.300815010403651e-14,0.9999999999999996,0,0,1,1,11,3,0,1,1,2,1,
ao_pair_5_bad,paired_mismatch,6,3,3,3,n6|p3|q3|k3|budget9|stackr3|targetr3,1,0,0,1,0,0,inf,9.050415252293284e-14,0.9999999999999984,3,,0,1,15,6,0,1,1,2,0,
ao_pair_6_good,paired_shared,8,4,2,3,n8|p4|q2|k3|budget12|stackr4|targetr2,1,1,1,1,4,4,1.1234667099445443e-13,1.8129285908476438e-13,0.9999999999999941,0,0,1,1,11,3,0,1,1,2,1,
ao_pair_6_bad,paired_mismatch,8,4,2,3,n8|p4|q2|k3|budget12|stackr4|targetr2,1,0,0,1,0,0,inf,1.944253802929529e-14,0.9999999999999993,2,,0,1,15,7,0,1,1,2,0,
ao_pair_7_good,paired_shared,7,4,2,4,n7|p4|q2|k4|budget16|stackr4|targetr2,1,1,1,1,4,4,6.610965610370932e-14,4.9150163894127754e-14,0.9999999999999994,0,0,1,1,11,3,0,1,1,2,1,
ao_pair_7_bad,paired_mismatch,7,4,2,4,n7|p4|q2|k4|budget16|stackr4|targetr2,1,0,0,1,0,0,inf,3.0600292392350455e-14,0.9999999999999997,2,,0,1,17,7,0,1,1,2,0,
ao_pair_8_good,paired_shared,9,5,3,3,n9|p5|q3|k3|budget15|stackr5|targetr3,1,1,1,1,5,5,6.593162045009302e-13,5.468640823942513e-13,0.9999999999999958,0,0,1,1,11,3,0,1,1,2,1,
ao_pair_8_bad,paired_mismatch,9,5,3,3,n9|p5|q3|k3|budget15|stackr5|targetr3,1,0,0,1,0,0,inf,5.649017239171162e-14,0.9999999999999996,3,,0,1,15,8,0,1,1,2,0,
ao_pair_9_good,paired_shared,8,4,3,3,n8|p4|q3|k3|budget12|stackr4|targetr3,1,1,1,1,4,4,6.099723321163758e-14,5.924889052322839e-14,0.9999999999999993,0,0,1,1,11,3,0,1,1,2,1,
ao_pair_9_bad,paired_mismatch,8,4,3,3,n8|p4|q3|k3|budget12|stackr4|targetr3,1,0,0,1,0,0,inf,6.38562606099622e-14,0.9999999999999993,3,,0,1,15,7,0,1,1,2,0,
ao_pair_10_good,paired_shared,7,5,3,4,n7|p5|q3|k4|budget20|stackr5|targetr3,1,1,1,1,5,5,1.7954390001041926e-13,3.413174445826859e-13,0.999999999999998,0,0,1,1,11,2,0,1,1,2,1,
ao_pair_10_bad,paired_mismatch,7,5,3,4,n7|p5|q3|k4|budget20|stackr5|targetr3,1,0,0,1,0,0,inf,3.7872348573621573e-13,0.9999999999999978,3,,0,1,17,7,0,1,1,2,0,
ao_pair_11_good,paired_shared,8,4,3,3,n8|p4|q3|k3|budget12|stackr4|targetr3,1,1,1,1,4,4,8.774555507236292e-14,7.812941625661994e-14,0.9999999999999992,0,0,1,1,11,3,0,1,1,2,1,
ao_pair_11_bad,paired_mismatch,8,4,3,3,n8|p4|q3|k3|budget12|stackr4|targetr3,1,0,0,1,0,0,inf,5.800083904837072e-14,0.9999999999999993,3,,0,1,15,7,0,1,1,2,0,
ao_pair_12_good,paired_shared,9,3,2,4,n9|p3|q2|k4|budget12|stackr3|targetr2,1,1,1,1,3,3,5.2725191607037763e-14,1.0251441352002322e-13,0.9999999999999989,0,0,1,1,11,3,0,1,1,2,1,
ao_pair_12_bad,paired_mismatch,9,3,2,4,n9|p3|q2|k4|budget12|stackr3|targetr2,1,0,0,1,0,0,inf,3.791179986907353e-14,0.9999999999999996,2,,0,1,17,6,0,1,1,2,0,
ao_pair_13_good,paired_shared,9,3,3,2,n9|p3|q3|k2|budget6|stackr3|targetr3,1,1,1,1,3,3,9.473162965870602e-14,6.055836639771032e-14,0.9999999999999994,0,0,1,1,11,3,0,1,1,2,1,
ao_pair_13_bad,paired_mismatch,9,3,3,2,n9|p3|q3|k2|budget6|stackr3|targetr3,1,0,0,1,0,0,inf,5.909557705457676e-14,0.9999999999999994,3,,0,1,13,6,0,1,1,2,0,
ao_pair_14_good,paired_shared,7,3,2,2,n7|p3|q2|k2|budget6|stackr3|targetr2,1,1,1,1,3,3,2.8876045034225334e-14,7.17585504231388e-14,0.9999999999999992,0,0,1,1,11,3,0,1,1,2,1,
ao_pair_14_bad,paired_mismatch,7,3,2,2,n7|p3|q2|k2|budget6|stackr3|targetr2,1,0,0,1,0,0,inf,2.135787485786098e-14,0.9999999999999998,2,,0,1,13,6,0,1,1,2,0,
ao_pair_15_good,paired_shared,6,3,2,3,n6|p3|q2|k3|budget9|stackr3|targetr2,1,1,1,1,3,3,3.1552218026454444e-14,2.738983880198498e-13,0.999999999999994,0,0,1,1,11,3,0,1,1,2,1,
ao_pair_15_bad,paired_mismatch,6,3,2,3,n6|p3|q2|k3|budget9|stackr3|targetr2,1,0,0,1,0,0,inf,9.378592161520982e-15,0.9999999999999998,2,,0,1,15,6,0,1,1,2,0,
ao_pair_16_good,paired_shared,6,3,3,4,n6|p3|q3|k4|budget12|stackr3|targetr3,1,1,1,1,3,3,6.965493601656175e-13,1.6792915065539017e-13,0.9999999999999991,0,0,1,1,11,3,0,1,1,2,1,
ao_pair_16_bad,paired_mismatch,6,3,3,4,n6|p3|q3|k4|budget12|stackr3|targetr3,1,0,0,1,0,0,inf,2.709279046333262e-13,0.9999999999999986,3,,0,1,17,6,0,1,1,2,0,
ao_pair_17_good,paired_shared,6,5,3,3,n6|p5|q3|k3|budget15|stackr5|targetr3,1,1,1,1,5,5,2.406553806124139e-13,1.5572341327404884e-13,0.9999999999999991,0,0,1,1,11,1,0,1,1,2,1,
ao_pair_17_bad,paired_mismatch,6,5,3,3,n6|p5|q3|k3|budget15|stackr5|targetr3,1,0,0,1,0,0,inf,1.3672828144591683e-13,0.9999999999999992,3,,0,1,15,6,0,1,1,2,0,
ao_pair_18_good,paired_shared,8,4,2,3,n8|p4|q2|k3|budget12|stackr4|targetr2,1,1,1,1,4,4,3.2620158698724813e-14,2.2371751529726046e-14,0.9999999999999994,0,0,1,1,11,3,0,1,1,2,1,
ao_pair_18_bad,paired_mismatch,8,4,2,3,n8|p4|q2|k3|budget12|stackr4|targetr2,1,0,0,1,0,0,inf,2.1598275411047496e-13,0.999999999999995,2,,0,1,15,7,0,1,1,2,0,
ao_pair_19_good,paired_shared,6,4,2,3,n6|p4|q2|k3|budget12|stackr4|targetr2,1,1,1,1,4,4,2.54713714371639e-13,4.023360010629817e-14,0.9999999999999994,0,0,1,1,11,2,0,1,1,2,1,
ao_pair_19_bad,paired_mismatch,6,4,2,3,n6|p4|q2|k3|budget12|stackr4|targetr2,1,0,0,1,0,0,inf,5.0305723172905546e-14,0.9999999999999993,2,,0,1,15,6,0,1,1,2,0,
ao_pair_20_good,paired_shared,8,5,2,4,n8|p5|q2|k4|budget20|stackr5|targetr2,1,1,1,1,5,5,1.4315661862707105e-13,1.1976255248920022e-13,0.9999999999999984,0,0,1,1,11,3,0,1,1,2,1,
ao_pair_20_bad,paired_mismatch,8,5,2,4,n8|p5|q2|k4|budget20|stackr5|targetr2,1,0,0,1,0,0,inf,4.4824421084916614e-14,0.9999999999999994,2,,0,1,17,8,0,1,1,2,0,
ao_pair_21_good,paired_shared,8,3,2,2,n8|p3|q2|k2|budget6|stackr3|targetr2,1,1,1,1,3,3,2.475681920880125e-14,2.687144428055128e-14,0.9999999999999996,0,0,1,1,11,3,0,1,1,2,1,
ao_pair_21_bad,paired_mismatch,8,3,2,2,n8|p3|q2|k2|budget6|stackr3|targetr2,1,0,0,1,0,0,inf,2.653618833733567e-14,0.9999999999999996,2,,0,1,13,6,0,1,1,2,0,
ao_pair_22_good,paired_shared,7,4,3,3,n7|p4|q3|k3|budget12|stackr4|targetr3,1,1,1,1,4,4,4.578212997635899e-14,8.448906634201218e-14,0.999999999999999,0,0,1,1,11,3,0,1,1,2,1,
ao_pair_22_bad,paired_mismatch,7,4,3,3,n7|p4|q3|k3|budget12|stackr4|targetr3,1,0,0,1,0,0,inf,3.154987402461677e-14,0.9999999999999997,3,,0,1,15,7,0,1,1,2,0,
ao_pair_23_good,paired_shared,7,4,2,2,n7|p4|q2|k2|budget8|stackr4|targetr2,1,1,1,1,4,4,2.955446222325768e-14,2.3123576330665573e-14,0.9999999999999993,0,0,1,1,11,3,0,1,1,2,1,
ao_pair_23_bad,paired_mismatch,7,4,2,2,n7|p4|q2|k2|budget8|stackr4|targetr2,1,0,0,1,0,0,inf,2.1755839288168293e-14,0.9999999999999994,2,,0,1,13,7,0,1,1,2,0,
ao_pair_24_good,paired_shared,8,5,3,2,n8|p5|q3|k2|budget10|stackr5|targetr3,1,1,1,1,5,5,6.699815413174787e-13,2.1254018649793271e-13,0.9999999999999989,0,0,1,1,11,3,0,1,1,2,1,
ao_pair_24_bad,paired_mismatch,8,5,3,2,n8|p5|q3|k2|budget10|stackr5|targetr3,1,0,0,1,0,0,inf,1.1749831786997178e-13,0.9999999999999993,3,,0,1,13,8,0,1,1,2,0,
ao_pair_25_good,paired_shared,7,4,3,4,n7|p4|q3|k4|budget16|stackr4|targetr3,1,1,1,1,4,4,8.140289677804162e-14,7.505501798136647e-14,0.9999999999999993,0,0,1,1,11,3,0,1,1,2,1,
ao_pair_25_bad,paired_mismatch,7,4,3,4,n7|p4|q3|k4|budget16|stackr4|targetr3,1,0,0,1,0,0,inf,8.62688298001157e-14,0.9999999999999992,3,,0,1,17,7,0,1,1,2,0,
ao_pair_26_good,paired_shared,7,4,3,3,n7|p4|q3|k3|budget12|stackr4|targetr3,1,1,1,1,4,4,1.823168755282751e-13,6.134220829008544e-14,0.9999999999999997,0,0,1,1,11,3,0,1,1,2,1,
ao_pair_26_bad,paired_mismatch,7,4,3,3,n7|p4|q3|k3|budget12|stackr4|targetr3,1,0,0,1,0,0,inf,9.306821551596823e-14,0.9999999999999994,3,,0,1,15,7,0,1,1,2,0,
ao_pair_27_good,paired_shared,6,5,3,2,n6|p5|q3|k2|budget10|stackr5|targetr3,1,1,1,1,5,5,1.0917371211507039e-13,6.321060421277765e-14,0.9999999999999996,0,0,1,1,11,1,0,1,1,2,1,
ao_pair_27_bad,paired_mismatch,6,5,3,2,n6|p5|q3|k2|budget10|stackr5|targetr3,1,0,0,1,0,0,inf,9.140905156548205e-14,0.9999999999999993,3,,0,1,13,6,0,1,1,2,0,
ao_pair_28_good,paired_shared,7,4,3,2,n7|p4|q3|k2|budget8|stackr4|targetr3,1,1,1,1,4,4,5.714791463924986e-14,2.3632890658920172e-14,0.9999999999999997,0,0,1,1,11,3,0,1,1,2,1,
ao_pair_28_bad,paired_mismatch,7,4,3,2,n7|p4|q3|k2|budget8|stackr4|targetr3,1,0,0,1,0,0,inf,4.9332394999770663e-14,0.9999999999999993,3,,0,1,13,7,0,1,1,2,0,
ao_pair_29_good,paired_shared,9,3,3,4,n9|p3|q3|k4|budget12|stackr3|targetr3,1,1,1,1,3,3,4.545573589768551e-14,1.5020372049896956e-13,0.9999999999999984,0,0,1,1,11,3,0,1,1,2,1,
ao_pair_29_bad,paired_mismatch,9,3,3,4,n9|p3|q3|k4|budget12|stackr3|targetr3,1,0,0,1,0,0,inf,5.74336301758966e-14,0.9999999999999993,3,,0,1,17,6,0,1,1,2,0,
ao_pair_30_good,paired_shared,8,5,2,3,n8|p5|q2|k3|budget15|stackr5|targetr2,1,1,1,1,5,5,1.5168360874424114e-13,5.6412004001525577e-14,0.9999999999999997,0,0,1,1,11,3,0,1,1,2,1,
ao_pair_30_bad,paired_mismatch,8,5,2,3,n8|p5|q2|k3|budget15|stackr5|targetr2,1,0,0,1,0,0,inf,1.8803651732612279e-13,0.9999999999999988,2,,0,1,15,8,0,1,1,2,0,
ao_pair_31_good,paired_shared,8,3,2,3,n8|p3|q2|k3|budget9|stackr3|targetr2,1,1,1,1,3,3,7.072181667864252e-14,1.5694642960426368e-14,0.9999999999999994,0,0,1,1,11,3,0,1,1,2,1,
ao_pair_31_bad,paired_mismatch,8,3,2,3,n8|p3|q2|k3|budget9|stackr3|targetr2,1,0,0,1,0,0,inf,1.1757885593931518e-14,0.9999999999999997,2,,0,1,15,6,0,1,1,2,0,
ao_pair_32_good,paired_shared,7,3,3,2,n7|p3|q3|k2|budget6|stackr3|targetr3,1,1,1,1,3,3,9.348684382812156e-14,2.6437298690029138e-14,0.9999999999999998,0,0,1,1,11,3,0,1,1,2,1,
ao_pair_32_bad,paired_mismatch,7,3,3,2,n7|p3|q3|k2|budget6|stackr3|targetr3,1,0,0,1,0,0,inf,2.615229253481647e-14,0.9999999999999998,3,,0,1,13,6,0,1,1,2,0,
ao_pair_33_good,paired_shared,7,5,2,3,n7|p5|q2|k3|budget15|stackr5|targetr2,1,1,1,1,5,5,6.07169187733048e-14,8.978622837428814e-14,0.9999999999999988,0,0,1,1,11,2,0,1,1,2,1,
ao_pair_33_bad,paired_mismatch,7,5,2,3,n7|p5|q2|k3|budget15|stackr5|targetr2,1,0,0,1,0,0,inf,5.158321270830727e-14,0.9999999999999993,2,,0,1,15,7,0,1,1,2,0,
ao_pair_34_good,paired_shared,6,5,2,2,n6|p5|q2|k2|budget10|stackr5|targetr2,1,1,1,1,5,5,1.0638972451951072e-13,1.2667133861857497e-13,0.9999999999999981,0,0,1,1,11,1,0,1,1,2,1,
ao_pair_34_bad,paired_mismatch,6,5,2,2,n6|p5|q2|k2|budget10|stackr5|targetr2,1,0,0,1,0,0,inf,2.6738743718056527e-13,0.999999999999996,2,,0,1,13,6,0,1,1,2,0,
ao_pair_35_good,paired_shared,7,3,2,3,n7|p3|q2|k3|budget9|stackr3|targetr2,1,1,1,1,3,3,7.39325179625068e-14,7.708242561131987e-14,0.9999999999999991,0,0,1,1,11,3,0,1,1,2,1,
ao_pair_35_bad,paired_mismatch,7,3,2,3,n7|p3|q2|k3|budget9|stackr3|targetr2,1,0,0,1,0,0,inf,2.6541529503070533e-14,0.9999999999999997,2,,0,1,15,6,0,1,1,2,0,
ao_pair_36_good,paired_shared,9,4,3,3,n9|p4|q3|k3|budget12|stackr4|targetr3,1,1,1,1,4,4,1.175721465406998e-13,7.562697123433306e-14,0.9999999999999992,0,0,1,1,11,3,0,1,1,2,1,
ao_pair_36_bad,paired_mismatch,9,4,3,3,n9|p4|q3|k3|budget12|stackr4|targetr3,1,0,0,1,0,0,inf,4.012070135358397e-14,0.9999999999999996,3,,0,1,15,7,0,1,1,2,0,
ao_pair_37_good,paired_shared,8,3,2,2,n8|p3|q2|k2|budget6|stackr3|targetr2,1,1,1,1,3,3,3.95314236177098e-14,6.619462136797906e-14,0.9999999999999993,0,0,1,1,11,3,0,1,1,2,1,
ao_pair_37_bad,paired_mismatch,8,3,2,2,n8|p3|q2|k2|budget6|stackr3|targetr2,1,0,0,1,0,0,inf,3.412270059808006e-14,0.9999999999999997,2,,0,1,13,6,0,1,1,2,0,
ao_pair_38_good,paired_shared,8,4,3,4,n8|p4|q3|k4|budget16|stackr4|targetr3,1,1,1,1,4,4,2.3386768297840643e-13,9.51398299437843e-14,0.9999999999999993,0,0,1,1,11,3,0,1,1,2,1,
ao_pair_38_bad,paired_mismatch,8,4,3,4,n8|p4|q3|k4|budget16|stackr4|targetr3,1,0,0,1,0,0,inf,7.456600348164032e-14,0.9999999999999994,3,,0,1,17,7,0,1,1,2,0,
ao_pair_39_good,paired_shared,9,3,3,3,n9|p3|q3|k3|budget9|stackr3|targetr3,1,1,1,1,3,3,4.164505613069089e-14,9.058249717377317e-14,0.9999999999999994,0,0,1,1,11,3,0,1,1,2,1,
ao_pair_39_bad,paired_mismatch,9,3,3,3,n9|p3|q3|k3|budget9|stackr3|targetr3,1,0,0,1,0,0,inf,2.7945881560058215e-14,0.9999999999999999,3,,0,1,15,6,0,1,1,2,0,
ao_pair_40_good,paired_shared,6,4,3,2,n6|p4|q3|k2|budget8|stackr4|targetr3,1,1,1,1,4,4,3.217241665993541e-13,1.1381513486630079e-13,0.9999999999999987,0,0,1,1,11,2,0,1,1,2,1,
ao_pair_40_bad,paired_mismatch,6,4,3,2,n6|p4|q3|k2|budget8|stackr4|targetr3,1,0,0,1,0,0,inf,3.769268483808287e-14,0.9999999999999996,3,,0,1,13,6,0,1,1,2,0,
ao_pair_41_good,paired_shared,9,3,2,2,n9|p3|q2|k2|budget6|stackr3|targetr2,1,1,1,1,3,3,5.719103538381361e-14,4.220015987572125e-14,0.9999999999999996,0,0,1,1,11,3,0,1,1,2,1,
ao_pair_41_bad,paired_mismatch,9,3,2,2,n9|p3|q2|k2|budget6|stackr3|targetr2,1,0,0,1,0,0,inf,4.955526206118791e-14,0.9999999999999994,2,,0,1,13,6,0,1,1,2,0,
ao_pair_42_good,paired_shared,8,4,3,2,n8|p4|q3|k2|budget8|stackr4|targetr3,1,1,1,1,4,4,6.717353926855565e-14,7.277103308837008e-14,0.9999999999999992,0,0,1,1,11,3,0,1,1,2,1,
ao_pair_42_bad,paired_mismatch,8,4,3,2,n8|p4|q3|k2|budget8|stackr4|targetr3,1,0,0,1,0,0,inf,4.370614009487317e-14,0.9999999999999996,3,,0,1,13,7,0,1,1,2,0,
ao_pair_43_good,paired_shared,9,4,3,3,n9|p4|q3|k3|budget12|stackr4|targetr3,1,1,1,1,4,4,3.739853452953543e-14,1.103630933628286e-13,0.9999999999999991,0,0,1,1,11,3,0,1,1,2,1,
ao_pair_43_bad,paired_mismatch,9,4,3,3,n9|p4|q3|k3|budget12|stackr4|targetr3,1,0,0,1,0,0,inf,1.69176569908868e-13,0.9999999999999986,3,,0,1,15,7,0,1,1,2,0,
ao_pair_44_good,paired_shared,8,4,2,2,n8|p4|q2|k2|budget8|stackr4|targetr2,1,1,1,1,4,4,2.260933140504636e-14,3.5270861168017086e-14,0.9999999999999992,0,0,1,1,11,3,0,1,1,2,1,
ao_pair_44_bad,paired_mismatch,8,4,2,2,n8|p4|q2|k2|budget8|stackr4|targetr2,1,0,0,1,0,0,inf,5.045557525896422e-14,0.9999999999999989,2,,0,1,13,7,0,1,1,2,0,
ao_pair_45_good,paired_shared,7,4,3,2,n7|p4|q3|k2|budget8|stackr4|targetr3,1,1,1,1,4,4,5.4491030888136886e-14,3.6633995345952184e-14,0.9999999999999997,0,0,1,1,11,3,0,1,1,2,1,
ao_pair_45_bad,paired_mismatch,7,4,3,2,n7|p4|q3|k2|budget8|stackr4|targetr3,1,0,0,1,0,0,inf,8.761988149625325e-14,0.9999999999999992,3,,0,1,13,7,0,1,1,2,0,
ao_pair_46_good,paired_shared,6,3,3,4,n6|p3|q3|k4|budget12|stackr3|targetr3,1,1,1,1,3,3,6.180981608114815e-14,7.333794142050115e-14,0.9999999999999996,0,0,1,1,11,3,0,1,1,2,1,
ao_pair_46_bad,paired_mismatch,6,3,3,4,n6|p3|q3|k4|budget12|stackr3|targetr3,1,0,0,1,0,0,inf,8.955640023684532e-14,0.9999999999999994,3,,0,1,16,6,0,1,1,2,0,
ao_pair_47_good,paired_shared,9,3,2,3,n9|p3|q2|k3|budget9|stackr3|targetr2,1,1,1,1,3,3,1.995740071247636e-13,9.089845499943812e-14,0.9999999999999994,0,0,1,1,11,3,0,1,1,2,1,
ao_pair_47_bad,paired_mismatch,9,3,2,3,n9|p3|q2|k3|budget9|stackr3|targetr2,1,0,0,1,0,0,inf,6.531622370622637e-14,0.9999999999999997,2,,0,1,15,6,0,1,1,2,0,
ao_pair_48_good,paired_shared,9,4,3,2,n9|p4|q3|k2|budget8|stackr4|targetr3,1,1,1,1,4,4,1.4047827022357883e-13,5.628557004568385e-14,0.9999999999999996,0,0,1,1,11,3,0,1,1,2,1,
ao_pair_48_bad,paired_mismatch,9,4,3,2,n9|p4|q3|k2|budget8|stackr4|targetr3,1,0,0,1,0,0,inf,4.0351070721557915e-14,0.9999999999999997,3,,0,1,13,7,0,1,1,2,0,
ao_pair_49_good,paired_shared,7,4,2,4,n7|p4|q2|k4|budget16|stackr4|targetr2,1,1,1,1,4,4,3.6253159474793117e-14,4.7441221173175156e-14,0.9999999999999994,0,0,1,1,11,3,0,1,1,2,1,
ao_pair_49_bad,paired_mismatch,7,4,2,4,n7|p4|q2|k4|budget16|stackr4|targetr2,1,0,0,1,0,0,inf,1.831178849867924e-13,0.9999999999999977,2,,0,1,17,7,0,1,1,2,0,
ao_pair_50_good,paired_shared,7,3,3,4,n7|p3|q3|k4|budget12|stackr3|targetr3,1,1,1,1,3,3,7.165266210270663e-14,3.056159864571351e-14,0.9999999999999998,0,0,1,1,11,3,0,1,1,2,1,
ao_pair_50_bad,paired_mismatch,7,3,3,4,n7|p3|q3|k4|budget12|stackr3|targetr3,1,0,0,1,0,0,inf,3.3586769634277824e-14,0.9999999999999997,3,,0,1,17,6,0,1,1,2,0,
ao_pair_51_good,paired_shared,9,3,3,3,n9|p3|q3|k3|budget9|stackr3|targetr3,1,1,1,1,3,3,1.1294630101758662e-13,1.228819800348611e-13,0.9999999999999987,0,0,1,1,11,3,0,1,1,2,1,
ao_pair_51_bad,paired_mismatch,9,3,3,3,n9|p3|q3|k3|budget9|stackr3|targetr3,1,0,0,1,0,0,inf,2.181468177798098e-14,0.9999999999999998,3,,0,1,15,6,0,1,1,2,0,
ao_pair_52_good,paired_shared,8,4,2,4,n8|p4|q2|k4|budget16|stackr4|targetr2,1,1,1,1,4,4,3.847463435365213e-14,2.8591206918129104e-14,0.9999999999999994,0,0,1,1,11,3,0,1,1,2,1,
ao_pair_52_bad,paired_mismatch,8,4,2,4,n8|p4|q2|k4|budget16|stackr4|targetr2,1,0,0,1,0,0,inf,4.9461775223583584e-14,0.999999999999999,2,,0,1,17,7,0,1,1,2,0,
ao_pair_53_good,paired_shared,8,5,3,3,n8|p5|q3|k3|budget15|stackr5|targetr3,1,1,1,1,5,5,1.5860389826762652e-13,1.975912546678074e-13,0.999999999999999,0,0,1,1,11,3,0,1,1,2,1,
ao_pair_53_bad,paired_mismatch,8,5,3,3,n8|p5|q3|k3|budget15|stackr5|targetr3,1,0,0,1,0,0,inf,1.20664848765762e-13,0.9999999999999993,3,,0,1,15,8,0,1,1,2,0,
ao_pair_54_good,paired_shared,8,3,2,3,n8|p3|q2|k3|budget9|stackr3|targetr2,1,1,1,1,3,3,6.112319729142702e-14,1.5034371126621043e-13,0.999999999999999,0,0,1,1,11,3,0,1,1,2,1,
ao_pair_54_bad,paired_mismatch,8,3,2,3,n8|p3|q2|k3|budget9|stackr3|targetr2,1,0,0,1,0,0,inf,4.95870894646368e-14,0.9999999999999997,2,,0,1,15,6,0,1,1,2,0,
ao_pair_55_good,paired_shared,6,4,3,2,n6|p4|q3|k2|budget8|stackr4|targetr3,1,1,1,1,4,4,2.1376334562999127e-13,1.222141251224859e-13,0.9999999999999991,0,0,1,1,11,2,0,1,1,2,1,
ao_pair_55_bad,paired_mismatch,6,4,3,2,n6|p4|q3|k2|budget8|stackr4|targetr3,1,0,0,1,0,0,inf,5.363193149292793e-14,0.9999999999999996,3,,0,1,13,6,0,1,1,2,0,
ao_pair_56_good,paired_shared,7,5,3,4,n7|p5|q3|k4|budget20|stackr5|targetr3,1,1,1,1,5,5,6.111674391049878e-14,4.861424621122053e-13,0.9999999999999951,0,0,1,1,11,2,0,1,1,2,1,
ao_pair_56_bad,paired_mismatch,7,5,3,4,n7|p5|q3|k4|budget20|stackr5|targetr3,1,0,0,1,0,0,inf,5.0932986235045135e-14,0.9999999999999994,3,,0,1,17,7,0,1,1,2,0,
ao_pair_57_good,paired_shared,6,3,3,3,n6|p3|q3|k3|budget9|stackr3|targetr3,1,1,1,1,3,3,3.906975622655788e-14,3.868438267771509e-14,0.9999999999999994,0,0,1,1,11,3,0,1,1,2,1,
ao_pair_57_bad,paired_mismatch,6,3,3,3,n6|p3|q3|k3|budget9|stackr3|targetr3,1,0,0,1,0,0,inf,3.466190249543791e-14,0.9999999999999994,3,,0,1,15,6,0,1,1,2,0,
ao_pair_58_good,paired_shared,7,3,2,3,n7|p3|q2|k3|budget9|stackr3|targetr2,1,1,1,1,3,3,5.181971170676584e-14,3.019806626980426e-14,0.9999999999999996,0,0,1,1,11,3,0,1,1,2,1,
ao_pair_58_bad,paired_mismatch,7,3,2,3,n7|p3|q2|k3|budget9|stackr3|targetr2,1,0,0,1,0,0,inf,2.787168413311961e-14,0.9999999999999997,2,,0,1,15,6,0,1,1,2,0,
ao_pair_59_good,paired_shared,9,4,3,2,n9|p4|q3|k2|budget8|stackr4|targetr3,1,1,1,1,4,4,1.1407821156308084e-13,2.7165775837149516e-13,0.9999999999999973,0,0,1,1,11,3,0,1,1,2,1,
ao_pair_59_bad,paired_mismatch,9,4,3,2,n9|p4|q3|k2|budget8|stackr4|targetr3,1,0,0,1,0,0,inf,5.265032973255377e-14,0.9999999999999994,3,,0,1,13,7,0,1,1,2,0,
ao_pair_60_good,paired_shared,9,3,3,3,n9|p3|q3|k3|budget9|stackr3|targetr3,1,1,1,1,3,3,9.648087210223558e-14,4.0846552052069704e-14,0.9999999999999997,0,0,1,1,11,3,0,1,1,2,1,
ao_pair_60_bad,paired_mismatch,9,3,3,3,n9|p3|q3|k3|budget9|stackr3|targetr3,1,0,0,1,0,0,inf,1.5358441867999715e-14,0.9999999999999999,3,,0,1,15,6,0,1,1,2,0,
ao_pair_61_good,paired_shared,6,3,3,3,n6|p3|q3|k3|budget9|stackr3|targetr3,1,1,1,1,3,3,3.247625332886312e-14,6.402589861908217e-14,0.9999999999999991,0,0,1,1,11,3,0,1,1,2,1,
ao_pair_61_bad,paired_mismatch,6,3,3,3,n6|p3|q3|k3|budget9|stackr3|targetr3,1,0,0,1,0,0,inf,1.6190995632333962e-14,0.9999999999999998,3,,0,1,15,6,0,1,1,2,0,
ao_pair_62_good,paired_shared,8,3,2,4,n8|p3|q2|k4|budget12|stackr3|targetr2,1,1,1,1,3,3,7.119291619286993e-15,8.40902333604468e-15,0.9999999999999998,0,0,1,1,11,3,0,1,1,2,1,
ao_pair_62_bad,paired_mismatch,8,3,2,4,n8|p3|q2|k4|budget12|stackr3|targetr2,1,0,0,1,0,0,inf,1.3138212466834012e-14,0.9999999999999997,2,,0,1,16,6,0,1,1,2,0,
ao_pair_63_good,paired_shared,9,4,3,4,n9|p4|q3|k4|budget16|stackr4|targetr3,1,1,1,1,4,4,7.683128369205366e-14,1.343068873059626e-13,0.9999999999999987,0,0,1,1,11,3,0,1,1,2,1,
ao_pair_63_bad,paired_mismatch,9,4,3,4,n9|p4|q3|k4|budget16|stackr4|targetr3,1,0,0,1,0,0,inf,6.245100732104073e-14,0.9999999999999993,3,,0,1,17,7,0,1,1,2,0,
ao_pair_64_good,paired_shared,6,4,3,2,n6|p4|q3|k2|budget8|stackr4|targetr3,1,1,1,1,4,4,4.248724734123577e-13,3.6143514757781867e-13,0.9999999999999973,0,0,1,1,11,2,0,1,1,2,1,
ao_pair_64_bad,paired_mismatch,6,4,3,2,n6|p4|q3|k2|budget8|stackr4|targetr3,1,0,0,1,0,0,inf,9.712059433368207e-14,0.9999999999999993,3,,0,1,13,6,0,1,1,2,0,
ao_pair_65_good,paired_shared,6,4,3,3,n6|p4|q3|k3|budget12|stackr4|targetr3,1,1,1,1,4,4,2.867867465179357e-13,2.0900708477828868e-13,0.9999999999999984,0,0,1,1,11,2,0,1,1,2,1,
ao_pair_65_bad,paired_mismatch,6,4,3,3,n6|p4|q3|k3|budget12|stackr4|targetr3,1,0,0,1,0,0,inf,4.946818925591419e-13,0.9999999999999963,3,,0,1,15,6,0,1,1,2,0,
ao_pair_66_good,paired_shared,9,3,2,3,n9|p3|q2|k3|budget9|stackr3|targetr2,1,1,1,1,3,3,4.504387026253897e-14,4.0311951884711364e-14,0.9999999999999997,0,0,1,1,11,3,0,1,1,2,1,
ao_pair_66_bad,paired_mismatch,9,3,2,3,n9|p3|q2|k3|budget9|stackr3|targetr2,1,0,0,1,0,0,inf,4.919578495377489e-14,0.9999999999999996,2,,0,1,15,6,0,1,1,2,0,
ao_pair_67_good,paired_shared,9,4,3,4,n9|p4|q3|k4|budget16|stackr4|targetr3,1,1,1,1,4,4,1.2905204930967195e-13,1.25469152482156e-13,0.9999999999999994,0,0,1,1,11,3,0,1,1,2,1,
ao_pair_67_bad,paired_mismatch,9,4,3,4,n9|p4|q3|k4|budget16|stackr4|targetr3,1,0,0,1,0,0,inf,5.3083059006141065e-14,0.9999999999999998,3,,0,1,16,7,0,1,1,2,0,
ao_pair_68_good,paired_shared,6,3,2,3,n6|p3|q2|k3|budget9|stackr3|targetr2,1,1,1,1,3,3,1.1091566984390294e-13,5.5403132456762165e-14,0.9999999999999988,0,0,1,1,11,3,0,1,1,2,1,
ao_pair_68_bad,paired_mismatch,6,3,2,3,n6|p3|q2|k3|budget9|stackr3|targetr2,1,0,0,1,0,0,inf,1.6485223136149494e-14,0.9999999999999997,2,2,1,1,15,6,0,1,1,2,1,
ao_pair_69_good,paired_shared,7,5,3,2,n7|p5|q3|k2|budget10|stackr5|targetr3,1,1,1,1,5,5,1.6214547865791965e-13,1.2645552344494537e-13,0.9999999999999992,0,0,1,1,11,2,0,1,1,2,1,
ao_pair_69_bad,paired_mismatch,7,5,3,2,n7|p5|q3|k2|budget10|stackr5|targetr3,1,0,0,1,0,0,inf,8.19726612394192e-14,0.9999999999999994,3,,0,1,13,7,0,1,1,2,0,
ao_pair_70_good,paired_shared,6,4,2,3,n6|p4|q2|k3|budget12|stackr4|targetr2,1,1,1,1,4,4,1.7301022567381986e-13,1.0960639910886038e-13,0.9999999999999987,0,0,1,1,11,2,0,1,1,2,1,
ao_pair_70_bad,paired_mismatch,6,4,2,3,n6|p4|q2|k3|budget12|stackr4|targetr2,1,0,0,1,0,0,inf,4.1516997457763135e-14,0.9999999999999994,2,,0,1,15,6,0,1,1,2,0,
ao_pair_71_good,paired_shared,8,4,3,4,n8|p4|q3|k4|budget16|stackr4|targetr3,1,1,1,1,4,4,3.487364449496395e-13,9.062031793891883e-14,0.9999999999999993,0,0,1,1,11,3,0,1,1,2,1,
ao_pair_71_bad,paired_mismatch,8,4,3,4,n8|p4|q3|k4|budget16|stackr4|targetr3,1,0,0,1,0,0,inf,4.337549145487706e-14,0.9999999999999997,3,,0,1,17,7,0,1,1,2,0,
ao_pair_72_good,paired_shared,6,4,3,3,n6|p4|q3|k3|budget12|stackr4|targetr3,1,1,1,1,4,4,4.8313967116652444e-14,1.0356327953181512e-13,0.9999999999999989,0,0,1,1,11,2,0,1,1,2,1,
ao_pair_72_bad,paired_mismatch,6,4,3,3,n6|p4|q3|k3|budget12|stackr4|targetr3,1,0,0,1,0,0,inf,5.4370671879738923e-14,0.9999999999999994,3,,0,1,15,6,0,1,1,2,0,
ao_pair_73_good,paired_shared,8,5,2,3,n8|p5|q2|k3|budget15|stackr5|targetr2,1,1,1,1,5,5,8.98422216011013e-14,1.0353280629898481e-13,0.9999999999999992,0,0,1,1,11,3,0,1,1,2,1,
ao_pair_73_bad,paired_mismatch,8,5,2,3,n8|p5|q2|k3|budget15|stackr5|targetr2,1,0,0,1,0,0,inf,4.2890833880625354e-14,0.9999999999999997,2,,0,1,15,8,0,1,1,2,0,
ao_pair_74_good,paired_shared,6,3,2,3,n6|p3|q2|k3|budget9|stackr3|targetr2,1,1,1,1,3,3,6.874782104478211e-14,8.703950256691822e-14,0.999999999999999,0,0,1,1,11,3,0,1,1,2,1,
ao_pair_74_bad,paired_mismatch,6,3,2,3,n6|p3|q2|k3|budget9|stackr3|targetr2,1,0,0,1,0,0,inf,6.055266705494699e-14,0.9999999999999993,2,,0,1,15,6,0,1,1,2,0,
ao_pair_75_good,paired_shared,9,5,2,3,n9|p5|q2|k3|budget15|stackr5|targetr2,1,1,1,1,5,5,4.1035669290410366e-13,4.771634717467532e-14,0.9999999999999994,0,0,1,1,11,3,0,1,1,2,1,
ao_pair_75_bad,paired_mismatch,9,5,2,3,n9|p5|q2|k3|budget15|stackr5|targetr2,1,0,0,1,0,0,inf,5.224233452707101e-14,0.9999999999999994,2,,0,1,15,8,0,1,1,2,0,
ao_pair_76_good,paired_shared,6,5,2,4,n6|p5|q2|k4|budget20|stackr5|targetr2,1,1,1,1,5,5,1.0627194902511488e-13,1.3389565849012925e-13,0.9999999999999982,0,0,1,1,11,1,0,1,1,2,1,
ao_pair_76_bad,paired_mismatch,6,5,2,4,n6|p5|q2|k4|budget20|stackr5|targetr2,1,0,0,1,0,0,inf,7.0444153966808e-14,0.9999999999999991,2,,0,1,17,6,0,1,1,2,0,
ao_pair_77_good,paired_shared,6,5,2,4,n6|p5|q2|k4|budget20|stackr5|targetr2,1,1,1,1,5,5,2.70457256209957e-14,1.198222858192882e-13,0.9999999999999979,0,0,1,1,11,1,0,1,1,2,1,
ao_pair_77_bad,paired_mismatch,6,5,2,4,n6|p5|q2|k4|budget20|stackr5|targetr2,1,0,0,1,0,0,inf,6.12868249997366e-14,0.9999999999999989,2,,0,1,17,6,0,1,1,2,0,
ao_pair_78_good,paired_shared,7,5,3,2,n7|p5|q3|k2|budget10|stackr5|targetr3,1,1,1,1,5,5,1.9809763903470545e-13,1.2309524876080797e-13,0.9999999999999993,0,0,1,1,11,2,0,1,1,2,1,
ao_pair_78_bad,paired_mismatch,7,5,3,2,n7|p5|q3|k2|budget10|stackr5|targetr3,1,0,0,1,0,0,inf,1.017962516548778e-13,0.9999999999999994,3,,0,1,13,7,0,1,1,2,0,
ao_pair_79_good,paired_shared,9,4,3,2,n9|p4|q3|k2|budget8|stackr4|targetr3,1,1,1,1,4,4,1.3557373717131247e-12,1.0476711090019014e-12,0.9999999999999939,0,0,1,1,11,3,0,1,1,2,1,
ao_pair_79_bad,paired_mismatch,9,4,3,2,n9|p4|q3|k2|budget8|stackr4|targetr3,1,0,0,1,0,0,inf,8.051620283586574e-14,0.9999999999999996,3,,0,1,13,7,0,1,1,2,0,
ao_extra_0,random_mixed,8,3,2,2,n8|p3|q2|k2|budget6|stackr6|targetr2,0,0,0,1,0,0,inf,inf,-inf,2,,0,1,13,8,0,1,1,2,0,
ao_extra_1,random_mixed,6,3,2,4,n6|p3|q2|k4|budget12|stackr6|targetr2,0,0,0,1,0,0,inf,5.287273241356986e-15,0.9999999999999992,2,,0,1,17,6,0,1,1,2,0,
ao_extra_2,random_local_candidate,6,3,2,4,n6|p3|q2|k4|budget12|stackr6|targetr2,1,1,1,1,2,2,2.401779625492033e-15,2.8414579906907244e-15,0.9999999999999994,0,0,1,1,11,4,0,1,1,2,1,
ao_extra_3,random_mixed,8,5,3,4,n8|p5|q3|k4|budget20|stackr8|targetr3,0,0,0,1,0,0,inf,1.23609262023521e-14,0.9999999999999988,3,,0,1,17,8,0,1,1,2,0,
ao_extra_4,random_local_candidate,9,4,2,3,n9|p4|q2|k3|budget12|stackr8|targetr2,1,1,1,1,2,2,3.138596119287066e-15,8.978137728708542e-15,0.999999999999999,0,0,1,1,11,4,0,1,1,2,1,
ao_extra_5,random_mixed,9,3,3,3,n9|p3|q3|k3|budget9|stackr9|targetr3,0,0,0,1,0,0,inf,3.83483632597708e-14,0.9999999999999964,3,,0,1,15,9,0,1,1,2,0,
ao_extra_6,random_local_candidate,6,3,2,3,n6|p3|q2|k3|budget9|stackr5|targetr2,1,1,1,1,2,2,2.9097409963058362e-15,4.242343490637981e-15,0.9999999999999993,0,0,1,1,11,4,0,1,1,2,1,
ao_extra_7,random_mixed,6,5,2,3,n6|p5|q2|k3|budget15|stackr6|targetr2,0,0,0,1,0,0,inf,4.565433630022062e-15,0.9999999999999994,2,,0,1,15,6,0,1,1,2,0,
ao_extra_8,random_local_candidate,9,5,3,3,n9|p5|q3|k3|budget15|stackr9|targetr3,1,1,1,1,3,3,3.194218211114644e-15,9.424162411822109e-15,0.999999999999999,0,0,1,1,11,3,0,1,1,2,1,
ao_extra_9,random_mixed,6,4,2,4,n6|p4|q2|k4|budget16|stackr6|targetr2,0,0,0,1,0,0,inf,4.565771097859314e-15,0.9999999999999993,2,,0,1,17,6,0,1,1,2,0,
ao_extra_10,random_mixed,8,3,2,2,n8|p3|q2|k2|budget6|stackr6|targetr2,0,0,0,1,0,0,inf,inf,-inf,2,,0,1,13,8,0,1,1,2,0,
ao_extra_11,random_local_candidate,8,3,2,4,n8|p3|q2|k4|budget12|stackr6|targetr2,1,1,1,1,2,2,3.5440294475802254e-15,3.739497330986539e-15,0.9999999999999996,0,0,1,1,11,4,0,1,1,2,1,
ao_extra_12,random_mixed,9,3,3,2,n9|p3|q3|k2|budget6|stackr6|targetr3,0,0,0,1,0,0,inf,inf,-inf,3,,0,1,13,8,1,0,0,2,0,
ao_extra_13,random_mixed,9,4,2,3,n9|p4|q2|k3|budget12|stackr9|targetr2,0,0,0,1,0,0,inf,5.100988523869595e-15,0.9999999999999993,2,,0,1,15,9,0,1,1,2,0,
ao_extra_14,random_local_candidate,7,4,2,3,n7|p4|q2|k3|budget12|stackr7|targetr2,1,1,1,1,2,2,2.873741046359687e-15,5.157460969112708e-15,0.9999999999999992,0,0,1,1,11,4,0,1,1,2,1,
ao_extra_15,rank_limited,6,5,3,2,n6|p5|q3|k2|budget10|stackr2|targetr3,0,0,0,1,3,0,inf,inf,-inf,3,,0,1,7,4,2,0,0,2,0,
ao_extra_16,random_mixed,9,5,3,2,n9|p5|q3|k2|budget10|stackr9|targetr3,0,0,0,1,0,0,inf,4.321880918859165e-14,0.9999999999999959,3,,0,1,13,8,1,0,0,2,0,
ao_extra_17,random_mixed,9,4,3,4,n9|p4|q3|k4|budget16|stackr9|targetr3,0,0,0,1,0,0,inf,7.82608802144629e-15,0.9999999999999992,3,,0,1,17,9,0,1,1,2,0,
ao_extra_18,random_mixed,7,3,3,2,n7|p3|q3|k2|budget6|stackr6|targetr3,0,0,0,1,0,0,inf,inf,-inf,3,,0,1,13,7,0,1,1,2,0,
ao_extra_19,random_mixed,8,3,3,3,n8|p3|q3|k3|budget9|stackr8|targetr3,0,0,0,1,0,0,inf,1.3160241128145956e-14,0.9999999999999986,3,,0,1,15,8,0,1,1,2,0,
ao_extra_20,random_local_candidate,6,3,2,2,n6|p3|q2|k2|budget6|stackr4|targetr2,1,1,1,1,2,2,1.2567637595793301e-15,3.816265483356246e-15,0.9999999999999993,0,0,1,1,11,4,0,1,1,2,1,
ao_extra_21,random_local_candidate,6,4,2,4,n6|p4|q2|k4|budget16|stackr6|targetr2,1,1,1,1,2,2,6.265882669069782e-16,4.142083777530584e-15,0.9999999999999993,0,0,1,1,11,4,0,1,1,2,1,
ao_extra_22,random_local_candidate,9,3,3,4,n9|p3|q3|k4|budget12|stackr3|targetr3,1,1,1,1,3,3,5.475250083412933e-15,4.9529171426429686e-15,0.9999999999999996,0,0,1,1,11,3,0,1,1,2,1,
ao_extra_23,random_mixed,9,3,3,2,n9|p3|q3|k2|budget6|stackr6|targetr3,0,0,0,1,0,0,inf,inf,-inf,3,,0,1,13,8,1,0,0,2,0,
ao_extra_24,random_mixed,9,5,2,2,n9|p5|q2|k2|budget10|stackr9|targetr2,0,0,0,1,0,0,inf,8.975657075985904e-15,0.999999999999999,2,,0,1,13,8,1,0,0,2,0,
ao_extra_25,rank_limited,8,3,2,3,n8|p3|q2|k3|budget9|stackr3|targetr2,0,0,0,1,0,0,inf,inf,-inf,2,,0,1,13,6,2,0,0,2,0,
ao_extra_26,random_mixed,6,3,3,3,n6|p3|q3|k3|budget9|stackr6|targetr3,0,0,0,1,0,0,inf,5.793473629766773e-15,0.9999999999999992,3,,0,1,15,6,0,1,1,2,0,
ao_extra_27,rank_limited,7,5,2,4,n7|p5|q2|k4|budget20|stackr7|targetr2,0,0,0,1,0,0,inf,7.554288737557415e-15,0.999999999999999,2,,0,1,17,7,0,1,1,2,0,
ao_extra_28,random_mixed,6,3,3,4,n6|p3|q3|k4|budget12|stackr6|targetr3,0,0,0,1,0,0,inf,4.862852889936548e-15,0.9999999999999992,3,,0,1,17,6,0,1,1,2,0,
ao_extra_29,random_mixed,6,3,2,4,n6|p3|q2|k4|budget12|stackr6|targetr2,0,0,0,1,0,0,inf,1.0823393387719041e-14,0.9999999999999983,2,,0,1,17,6,0,1,1,2,0,
ao_extra_30,rank_limited,8,5,3,4,n8|p5|q3|k4|budget20|stackr8|targetr3,0,0,0,1,0,0,inf,7.773147043461346e-15,0.9999999999999993,3,,0,1,17,8,0,1,1,2,0,
ao_extra_31,random_local_candidate,8,3,3,3,n8|p3|q3|k3|budget9|stackr3|targetr3,1,1,1,1,3,3,4.749549962429415e-15,6.1904075737758945e-15,0.9999999999999994,0,0,1,1,11,3,0,1,1,2,1,
ao_extra_32,random_mixed,7,5,3,4,n7|p5|q3|k4|budget20|stackr7|targetr3,0,0,0,1,0,0,inf,2.1693304062937612e-14,0.9999999999999974,3,,0,1,17,7,0,1,1,2,0,
ao_extra_33,rank_limited,6,3,2,2,n6|p3|q2|k2|budget6|stackr2|targetr2,0,0,0,1,1,0,inf,inf,-inf,2,,0,1,12,5,1,0,0,2,0,
ao_extra_34,random_local_candidate,7,4,2,3,n7|p4|q2|k3|budget12|stackr7|targetr2,1,1,1,1,2,2,2.0985162820420807e-15,5.963365717544845e-15,0.9999999999999993,0,0,1,1,11,4,0,1,1,2,1,
ao_extra_35,random_local_candidate,8,4,3,4,n8|p4|q3|k4|budget16|stackr7|targetr3,1,1,1,1,3,3,4.565517999319921e-15,5.917668374689835e-15,0.9999999999999993,0,0,1,1,11,3,0,1,1,2,1,
ao_extra_36,rank_limited,8,4,3,2,n8|p4|q3|k2|budget8|stackr6|targetr3,0,0,0,1,0,0,inf,inf,-inf,3,,0,1,13,8,0,1,1,2,0,
ao_extra_37,random_local_candidate,7,3,3,3,n7|p3|q3|k3|budget9|stackr3|targetr3,1,1,1,1,3,3,2.7479509228154137e-15,2.761000838085243e-15,0.9999999999999997,0,0,1,1,11,3,0,1,1,2,1,
ao_extra_38,random_local_candidate,9,5,2,3,n9|p5|q2|k3|budget15|stackr9|targetr2,1,1,1,1,2,2,2.31146419039328e-15,1.345120109338244e-14,0.9999999999999983,0,0,1,1,11,4,0,1,1,2,1,
ao_extra_39,random_mixed,9,4,2,3,n9|p4|q2|k3|budget12|stackr9|targetr2,0,0,0,1,0,0,inf,9.960501231523758e-15,0.9999999999999987,2,,0,1,15,9,0,1,1,2,0,
ao_extra_40,random_local_candidate,8,3,2,3,n8|p3|q2|k3|budget9|stackr5|targetr2,1,1,1,1,2,2,1.405567122891122e-15,5.629739766038154e-15,0.9999999999999993,0,0,1,1,11,4,0,1,1,2,1,
ao_extra_41,random_mixed,6,5,3,2,n6|p5|q3|k2|budget10|stackr6|targetr3,0,0,0,1,0,0,inf,5.662137425588298e-15,0.9999999999999993,3,,0,1,13,6,0,1,1,2,0,
ao_extra_42,random_local_candidate,6,4,2,3,n6|p4|q2|k3|budget12|stackr6|targetr2,1,1,1,1,2,2,2.462593796972316e-15,4.457514335395259e-15,0.9999999999999994,0,0,1,1,11,4,0,1,1,2,1,
ao_extra_43,rank_limited,6,4,3,2,n6|p4|q3|k2|budget8|stackr6|targetr3,0,0,0,1,0,0,inf,1.2155801426035668e-14,0.9999999999999987,3,,0,1,13,6,0,1,1,2,0,
ao_extra_44,random_mixed,6,5,3,4,n6|p5|q3|k4|budget20|stackr6|targetr3,0,0,0,1,0,0,inf,5.309487274325303e-15,0.9999999999999993,3,,0,1,17,6,0,1,1,2,0,
ao_extra_45,random_local_candidate,7,5,2,3,n7|p5|q2|k3|budget15|stackr7|targetr2,1,1,1,1,2,2,1.8038988979531736e-15,7.835458479322536e-15,0.999999999999999,0,0,1,1,11,4,0,1,1,2,1,
ao_extra_46,random_mixed,9,5,2,3,n9|p5|q2|k3|budget15|stackr9|targetr2,0,0,0,1,0,0,inf,5.5547221760443636e-15,0.9999999999999993,2,,0,1,15,9,0,1,1,2,0,
ao_extra_47,random_local_candidate,8,5,2,2,n8|p5|q2|k2|budget10|stackr8|targetr2,1,1,1,1,2,2,6.462222850547427e-15,6.538073133704117e-15,0.9999999999999992,0,0,1,1,11,4,0,1,1,2,1,
ao_extra_48,random_mixed,6,3,2,3,n6|p3|q2|k3|budget9|stackr6|targetr2,0,0,0,1,0,0,inf,7.516792024291677e-15,0.9999999999999991,2,,0,1,15,6,0,1,1,2,0,
ao_extra_49,random_mixed,9,3,2,4,n9|p3|q2|k4|budget12|stackr9|targetr2,0,0,0,1,0,0,inf,1.3358248461206346e-14,0.9999999999999984,2,,0,1,17,9,0,1,1,2,0,
ao_extra_50,random_mixed,8,4,2,3,n8|p4|q2|k3|budget12|stackr8|targetr2,0,0,0,1,0,0,inf,4.339821898667232e-15,0.9999999999999994,2,,0,1,15,8,0,1,1,2,0,
ao_extra_51,random_local_candidate,9,4,2,3,n9|p4|q2|k3|budget12|stackr8|targetr2,1,1,1,1,2,2,2.0672052679986733e-15,4.697545332816089e-15,0.9999999999999992,0,0,1,1,11,4,0,1,1,2,1,
ao_extra_52,random_local_candidate,8,5,2,2,n8|p5|q2|k2|budget10|stackr8|targetr2,1,1,1,1,2,2,2.817430187029739e-15,4.9601007531682564e-15,0.9999999999999993,0,0,1,1,11,4,0,1,1,2,1,
ao_extra_53,random_local_candidate,6,3,2,2,n6|p3|q2|k2|budget6|stackr4|targetr2,1,1,1,1,2,2,2.3707876222259364e-15,4.513845153265833e-15,0.9999999999999994,0,0,1,1,11,4,0,1,1,2,1,
ao_extra_54,random_mixed,7,3,2,2,n7|p3|q2|k2|budget6|stackr6|targetr2,0,0,0,1,0,0,inf,inf,-inf,2,,0,1,13,7,0,1,1,2,0,
ao_extra_55,random_mixed,7,5,2,2,n7|p5|q2|k2|budget10|stackr7|targetr2,0,0,0,1,0,0,inf,1.7889152132594664e-14,0.9999999999999978,2,,0,1,13,7,0,1,1,2,0,
ao_extra_56,random_mixed,6,4,2,4,n6|p4|q2|k4|budget16|stackr6|targetr2,0,0,0,1,0,0,inf,8.51856553749515e-15,0.999999999999999,2,,0,1,17,6,0,1,1,2,0,
ao_extra_57,rank_limited,8,4,3,2,n8|p4|q3|k2|budget8|stackr4|targetr3,0,0,0,1,0,0,inf,inf,-inf,3,,0,1,13,7,1,0,0,2,0,
ao_extra_58,random_mixed,6,5,2,4,n6|p5|q2|k4|budget20|stackr6|targetr2,0,0,0,1,0,0,inf,4.57741953986873e-15,0.9999999999999994,2,,0,1,17,6,0,1,1,2,0,
ao_extra_59,random_mixed,7,5,3,4,n7|p5|q3|k4|budget20|stackr7|targetr3,0,0,0,1,0,0,inf,8.849285410853269e-15,0.999999999999999,3,,0,1,17,7,0,1,1,2,0,
ao_extra_60,random_local_candidate,8,5,2,2,n8|p5|q2|k2|budget10|stackr8|targetr2,1,1,1,1,2,2,1.1657341758564144e-15,4.262394556123564e-15,0.9999999999999996,0,0,1,1,11,4,0,1,1,2,1,
ao_extra_61,random_local_candidate,9,3,2,4,n9|p3|q2|k4|budget12|stackr6|targetr2,1,1,1,1,2,2,9.896137512792096e-16,6.016710262675563e-15,0.9999999999999992,0,0,1,1,11,4,0,1,1,2,1,
ao_extra_62,random_mixed,6,4,3,3,n6|p4|q3|k3|budget12|stackr6|targetr3,0,0,0,1,0,0,inf,7.641017212589066e-15,0.999999999999999,3,,0,1,15,6,0,1,1,2,0,
ao_extra_63,random_local_candidate,8,3,2,2,n8|p3|q2|k2|budget6|stackr4|targetr2,1,1,1,1,2,2,1.1881526203463274e-15,2.5073902190240937e-15,0.9999999999999997,0,0,1,1,11,4,0,1,1,2,1,
ao_extra_64,random_local_candidate,6,4,2,3,n6|p4|q2|k3|budget12|stackr6|targetr2,1,1,1,1,2,2,2.3554657679089182e-15,1.3812045665117414e-14,0.9999999999999978,0,0,1,1,11,4,0,1,1,2,1,
ao_extra_65,random_local_candidate,9,4,3,3,n9|p4|q3|k3|budget12|stackr6|targetr3,1,1,1,1,3,3,3.354286002543853e-15,6.344399593890546e-15,0.9999999999999993,0,0,1,1,11,3,0,1,1,2,1,
ao_extra_66,random_mixed,8,4,3,4,n8|p4|q3|k4|budget16|stackr8|targetr3,0,0,0,1,0,0,inf,7.005190574351762e-15,0.9999999999999992,3,,0,1,17,8,0,1,1,2,0,
ao_extra_67,random_mixed,7,5,3,2,n7|p5|q3|k2|budget10|stackr7|targetr3,0,0,0,1,0,0,inf,5.497706264910442e-15,0.9999999999999993,3,,0,1,13,7,0,1,1,2,0,
ao_extra_68,random_local_candidate,6,5,2,3,n6|p5|q2|k3|budget15|stackr6|targetr2,1,1,1,1,2,2,1.5752511826998018e-15,5.156938146233355e-15,0.9999999999999992,0,0,1,1,11,4,0,1,1,2,1,
ao_extra_69,random_local_candidate,8,3,3,3,n8|p3|q3|k3|budget9|stackr3|targetr3,1,1,1,1,3,3,3.8193489933529785e-15,3.5240018266742336e-15,0.9999999999999997,0,0,1,1,11,3,0,1,1,2,1,
ao_extra_70,random_mixed,6,5,3,2,n6|p5|q3|k2|budget10|stackr6|targetr3,0,0,0,1,0,0,inf,4.00299009870075e-15,0.9999999999999996,3,,0,1,13,6,0,1,1,2,0,
ao_extra_71,rank_limited,8,5,3,2,n8|p5|q3|k2|budget10|stackr6|targetr3,0,0,0,1,0,0,inf,inf,-inf,3,,0,1,10,7,1,0,0,2,0,
ao_extra_72,random_mixed,7,3,3,4,n7|p3|q3|k4|budget12|stackr7|targetr3,0,0,0,1,0,0,inf,2.1076010431540927e-14,0.999999999999998,3,,0,1,17,7,0,1,1,2,0,
ao_extra_73,random_mixed,8,3,2,2,n8|p3|q2|k2|budget6|stackr6|targetr2,0,0,0,1,0,0,inf,inf,-inf,2,,0,1,13,8,0,1,1,2,0,
ao_extra_74,random_mixed,7,5,2,4,n7|p5|q2|k4|budget20|stackr7|targetr2,0,0,0,1,0,0,inf,1.2486431129267744e-14,0.999999999999998,2,,0,1,17,7,0,1,1,2,0,
ao_extra_75,random_local_candidate,7,4,3,2,n7|p4|q3|k2|budget8|stackr5|targetr3,1,1,1,1,3,3,3.1901635470421983e-15,1.2279136919433219e-14,0.9999999999999987,0,0,1,1,11,3,0,1,1,2,1,
ao_extra_76,random_local_candidate,6,3,2,4,n6|p3|q2|k4|budget12|stackr6|targetr2,1,1,1,1,2,2,1.5133004189148268e-15,3.655526272116834e-15,0.9999999999999996,0,0,1,1,11,4,0,1,1,2,1,
ao_extra_77,random_local_candidate,9,4,3,3,n9|p4|q3|k3|budget12|stackr6|targetr3,1,1,1,1,3,3,3.691967596912903e-15,5.201801412939304e-15,0.9999999999999996,0,0,1,1,11,3,0,1,1,2,1,
ao_extra_78,random_mixed,7,4,2,3,n7|p4|q2|k3|budget12|stackr7|targetr2,0,0,0,1,0,0,inf,1.1897530360566235e-14,0.9999999999999983,2,,0,1,15,7,0,1,1,2,0,
ao_extra_79,random_mixed,7,3,2,4,n7|p3|q2|k4|budget12|stackr7|targetr2,0,0,0,1,0,0,inf,2.7111955412596303e-14,0.9999999999999958,2,,0,1,17,7,0,1,1,2,0,
ao_extra_80,random_local_candidate,8,3,2,4,n8|p3|q2|k4|budget12|stackr6|targetr2,1,1,1,1,2,2,5.187805916652638e-15,4.897881066598247e-15,0.9999999999999994,0,0,1,1,11,4,0,1,1,2,1,
ao_extra_81,random_mixed,8,4,3,3,n8|p4|q3|k3|budget12|stackr8|targetr3,0,0,0,1,0,0,inf,1.7320902488521377e-14,0.9999999999999982,3,,0,1,15,8,0,1,1,2,0,
ao_extra_82,random_local_candidate,8,3,3,4,n8|p3|q3|k4|budget12|stackr3|targetr3,1,1,1,1,3,3,4.583285185259637e-15,5.324026591078224e-15,0.9999999999999994,0,0,1,1,11,3,0,1,1,2,1,
ao_extra_83,random_local_candidate,8,5,3,3,n8|p5|q3|k3|budget15|stackr8|targetr3,1,1,1,1,3,3,1.7590982550781886e-15,8.604760732672544e-15,0.999999999999999,0,0,1,1,11,3,0,1,1,2,1,
ao_extra_84,random_mixed,8,5,3,2,n8|p5|q3|k2|budget10|stackr8|targetr3,0,0,0,1,0,0,inf,9.023764073195417e-15,0.9999999999999989,3,,0,1,13,8,0,1,1,2,0,
ao_extra_85,rank_limited,7,3,3,4,n7|p3|q3|k4|budget12|stackr4|targetr3,0,0,0,1,0,0,inf,inf,-inf,3,,0,1,15,7,0,1,1,2,0,
ao_extra_86,rank_limited,9,3,2,3,n9|p3|q2|k3|budget9|stackr3|targetr2,0,0,0,1,1,0,inf,inf,-inf,2,,0,1,9,6,2,0,0,2,0,
ao_extra_87,random_mixed,6,3,3,4,n6|p3|q3|k4|budget12|stackr6|targetr3,0,0,0,1,0,0,inf,3.974987025984779e-15,0.9999999999999996,3,,0,1,17,6,0,1,1,2,0,
ao_extra_88,random_local_candidate,9,5,2,4,n9|p5|q2|k4|budget20|stackr9|targetr2,1,1,1,1,2,2,1.2407949935358742e-15,8.37778268650407e-15,0.9999999999999991,0,0,1,1,11,4,0,1,1,2,1,
ao_extra_89,random_mixed,7,4,3,2,n7|p4|q3|k2|budget8|stackr7|targetr3,0,0,0,1,0,0,inf,8.986636477125414e-15,0.999999999999999,3,,0,1,13,7,0,1,1,2,0,
ao_extra_90,rank_limited,8,3,2,2,n8|p3|q2|k2|budget6|stackr4|targetr2,0,0,0,1,0,0,inf,inf,-inf,2,,0,1,13,7,1,0,0,2,0,
ao_extra_91,random_mixed,7,4,2,4,n7|p4|q2|k4|budget16|stackr7|targetr2,0,0,0,1,0,0,inf,8.14714796572024e-15,0.999999999999999,2,,0,1,17,7,0,1,1,2,0,
ao_extra_92,random_local_candidate,7,3,2,3,n7|p3|q2|k3|budget9|stackr5|targetr2,1,1,1,1,2,2,2.2574451889463975e-15,5.2636026980796326e-15,0.9999999999999993,0,0,1,1,11,4,0,1,1,2,1,
ao_extra_93,rank_limited,9,3,2,3,n9|p3|q2|k3|budget9|stackr6|targetr2,0,0,0,1,0,0,inf,inf,-inf,2,,0,1,15,9,0,1,1,2,0,
ao_extra_94,random_mixed,6,5,2,2,n6|p5|q2|k2|budget10|stackr6|targetr2,0,0,0,1,0,0,inf,5.512399866715408e-15,0.9999999999999993,2,,0,1,13,6,0,1,1,2,0,
ao_extra_95,random_mixed,8,3,2,3,n8|p3|q2|k3|budget9|stackr8|targetr2,0,0,0,1,0,0,inf,1.0374498048392114e-14,0.9999999999999987,2,,0,1,15,8,0,1,1,2,0,
ao_extra_96,random_mixed,6,5,2,2,n6|p5|q2|k2|budget10|stackr6|targetr2,0,0,0,1,0,0,inf,5.249840747695029e-15,0.9999999999999993,2,,0,1,13,6,0,1,1,2,0,
ao_extra_97,random_local_candidate,7,4,3,4,n7|p4|q3|k4|budget16|stackr7|targetr3,1,1,1,1,3,3,3.397649788700579e-15,5.493010035738688e-15,0.9999999999999994,0,0,1,1,11,3,0,1,1,2,1,
ao_extra_98,random_local_candidate,9,4,2,2,n9|p4|q2|k2|budget8|stackr6|targetr2,1,1,1,1,2,2,4.3072705337347296e-15,4.028362776626173e-15,0.9999999999999996,0,0,1,1,11,4,0,1,1,2,1,
ao_extra_99,random_local_candidate,9,4,2,2,n9|p4|q2|k2|budget8|stackr6|targetr2,1,1,1,1,2,2,8.140715532824174e-16,5.963740137803432e-15,0.9999999999999994,0,0,1,1,11,4,0,1,1,2,1,
ao_extra_100,random_local_candidate,8,5,2,3,n8|p5|q2|k3|budget15|stackr8|targetr2,1,1,1,1,2,2,1.708546755786254e-15,3.65304921738801e-15,0.9999999999999996,0,0,1,1,11,4,0,1,1,2,1,
ao_extra_101,rank_limited,6,4,3,2,n6|p4|q3|k2|budget8|stackr2|targetr3,0,0,0,1,2,0,inf,inf,-inf,3,,0,1,10,5,1,0,0,2,0,
ao_extra_102,random_local_candidate,6,4,2,2,n6|p4|q2|k2|budget8|stackr6|targetr2,1,1,1,1,2,2,9.177407546166862e-16,4.681018148279871e-15,0.9999999999999994,0,0,1,1,11,4,0,1,1,2,1,
ao_extra_103,random_local_candidate,8,5,2,3,n8|p5|q2|k3|budget15|stackr8|targetr2,1,1,1,1,2,2,1.0108899190771798e-15,5.996826401236796e-15,0.9999999999999992,0,0,1,1,11,4,0,1,1,2,1,
ao_extra_104,random_mixed,8,3,3,3,n8|p3|q3|k3|budget9|stackr8|targetr3,0,0,0,1,0,0,inf,2.174457602609798e-14,0.9999999999999977,3,,0,1,15,8,0,1,1,2,0,
ao_extra_105,random_mixed,6,4,3,4,n6|p4|q3|k4|budget16|stackr6|targetr3,0,0,0,1,0,0,inf,4.4368136255167194e-15,0.9999999999999996,3,,0,1,17,6,0,1,1,2,0,
ao_extra_106,random_local_candidate,7,4,2,4,n7|p4|q2|k4|budget16|stackr7|targetr2,1,1,1,1,2,2,1.6120351342206215e-15,5.026231277956745e-15,0.9999999999999994,0,0,1,1,11,4,0,1,1,2,1,
ao_extra_107,random_mixed,9,3,3,2,n9|p3|q3|k2|budget6|stackr6|targetr3,0,0,0,1,0,0,inf,inf,-inf,3,,0,1,13,8,1,0,0,2,0,
ao_extra_108,random_mixed,6,4,2,3,n6|p4|q2|k3|budget12|stackr6|targetr2,0,0,0,1,0,0,inf,7.542983016623164e-15,0.9999999999999991,2,,0,1,15,6,0,1,1,2,0,
ao_extra_109,random_mixed,9,3,3,2,n9|p3|q3|k2|budget6|stackr6|targetr3,0,0,0,1,0,0,inf,inf,-inf,3,,0,1,13,8,1,0,0,2,0,
ao_extra_110,random_local_candidate,6,4,3,3,n6|p4|q3|k3|budget12|stackr6|targetr3,1,1,1,1,3,3,6.341951638620818e-15,8.432866052508407e-15,0.999999999999999,0,0,1,1,11,3,0,1,1,2,1,
ao_extra_111,random_mixed,8,4,3,2,n8|p4|q3|k2|budget8|stackr8|targetr3,0,0,0,1,0,0,inf,1.0075541560662084e-14,0.9999999999999991,3,,0,1,13,8,0,1,1,2,0,
ao_extra_112,random_local_candidate,8,5,3,4,n8|p5|q3|k4|budget20|stackr8|targetr3,1,1,1,1,3,3,3.1049049791619626e-15,5.711245040279744e-15,0.9999999999999994,0,0,1,1,11,3,0,1,1,2,1,
ao_extra_113,random_mixed,8,3,3,4,n8|p3|q3|k4|budget12|stackr8|targetr3,0,0,0,1,0,0,inf,7.119994943548825e-15,0.9999999999999991,3,,0,1,17,8,0,1,1,2,0,
ao_extra_114,random_mixed,7,5,3,4,n7|p5|q3|k4|budget20|stackr7|targetr3,0,0,0,1,0,0,inf,1.1978460426690862e-14,0.9999999999999989,3,,0,1,17,7,0,1,1,2,0,
ao_extra_115,random_mixed,8,3,2,3,n8|p3|q2|k3|budget9|stackr8|targetr2,0,0,0,1,0,0,inf,5.798723660000158e-15,0.9999999999999993,2,,0,1,15,8,0,1,1,2,0,
ao_extra_116,random_mixed,8,5,3,3,n8|p5|q3|k3|budget15|stackr8|targetr3,0,0,0,1,0,0,inf,7.427404481178333e-15,0.9999999999999993,3,,0,1,15,8,0,1,1,2,0,
ao_extra_117,rank_limited,6,3,3,3,n6|p3|q3|k3|budget9|stackr6|targetr3,0,0,0,1,0,0,inf,7.842853470761745e-15,0.9999999999999991,3,,0,1,12,6,0,1,1,2,0,
ao_extra_118,rank_limited,6,4,3,3,n6|p4|q3|k3|budget12|stackr6|targetr3,0,0,0,1,0,0,inf,6.52013858905055e-15,0.9999999999999993,3,,0,1,15,6,0,1,1,2,0,
ao_extra_119,random_mixed,9,4,2,3,n9|p4|q2|k3|budget12|stackr9|targetr2,0,0,0,1,0,0,inf,9.802709779302583e-15,0.9999999999999988,2,,0,1,15,9,0,1,1,2,0,
ao_extra_120,random_local_candidate,8,5,2,3,n8|p5|q2|k3|budget15|stackr8|targetr2,1,1,1,1,2,2,3.0871292915029807e-15,5.740088579071093e-15,0.9999999999999993,0,0,1,1,11,4,0,1,1,2,1,
ao_extra_121,random_local_candidate,8,4,3,2,n8|p4|q3|k2|budget8|stackr5|targetr3,1,1,1,1,3,3,4.1740172790447855e-14,6.8554340371106205e-15,0.9999999999999993,0,0,1,1,11,3,0,1,1,2,1,
ao_extra_122,random_mixed,6,5,3,2,n6|p5|q3|k2|budget10|stackr6|targetr3,0,0,0,1,0,0,inf,9.182692154109258e-15,0.999999999999999,3,,0,1,13,6,0,1,1,2,0,
ao_extra_123,random_mixed,7,3,2,2,n7|p3|q2|k2|budget6|stackr6|targetr2,0,0,0,1,0,0,inf,inf,-inf,2,,0,1,13,7,0,1,1,2,0,
ao_extra_124,random_mixed,8,5,2,4,n8|p5|q2|k4|budget20|stackr8|targetr2,0,0,0,1,0,0,inf,5.5965179799211526e-15,0.9999999999999992,2,,0,1,17,8,0,1,1,2,0,
ao_extra_125,random_mixed,7,3,3,4,n7|p3|q3|k4|budget12|stackr7|targetr3,0,0,0,1,0,0,inf,1.6136185547316357e-14,0.9999999999999981,3,,0,1,17,7,0,1,1,2,0,
ao_extra_126,random_local_candidate,9,4,3,2,n9|p4|q3|k2|budget8|stackr5|targetr3,1,1,1,1,3,3,4.904517022746813e-15,9.171807062506833e-15,0.9999999999999992,0,0,1,1,11,3,0,1,1,2,1,
ao_extra_127,random_mixed,7,3,3,3,n7|p3|q3|k3|budget9|stackr7|targetr3,0,0,0,1,0,0,inf,5.371689938816957e-15,0.9999999999999994,3,,0,1,15,7,0,1,1,2,0,
ao_extra_128,random_local_candidate,9,5,2,4,n9|p5|q2|k4|budget20|stackr9|targetr2,1,1,1,1,2,2,2.261690197137048e-15,6.469669285779349e-15,0.9999999999999991,0,0,1,1,11,4,0,1,1,2,1,
ao_extra_129,random_local_candidate,7,5,2,4,n7|p5|q2|k4|budget20|stackr7|targetr2,1,1,1,1,2,2,1.6467268631127714e-15,5.78275944600711e-15,0.9999999999999993,0,0,1,1,11,4,0,1,1,2,1,
ao_extra_130,random_local_candidate,9,4,3,3,n9|p4|q3|k3|budget12|stackr6|targetr3,1,1,1,1,3,3,5.29915290911086e-15,3.688780871400334e-15,0.9999999999999997,0,0,1,1,11,3,0,1,1,2,1,
ao_extra_131,random_local_candidate,6,3,2,3,n6|p3|q2|k3|budget9|stackr5|targetr2,1,1,1,1,2,2,1.9641850382783467e-15,3.568292035180542e-15,0.9999999999999994,0,0,1,1,11,4,0,1,1,2,1,
ao_extra_132,random_local_candidate,7,5,3,3,n7|p5|q3|k3|budget15|stackr7|targetr3,1,1,1,1,3,3,4.679236476191708e-15,5.5900618177857586e-15,0.9999999999999993,0,0,1,1,11,2,0,1,1,2,1,
ao_extra_133,random_mixed,6,3,3,4,n6|p3|q3|k4|budget12|stackr6|targetr3,0,0,0,1,0,0,inf,8.29854578871764e-15,0.999999999999999,3,,0,1,17,6,0,1,1,2,0,
ao_extra_134,rank_limited,9,5,2,3,n9|p5|q2|k3|budget15|stackr6|targetr2,0,0,0,1,0,0,inf,inf,-inf,2,,0,1,15,9,0,1,1,2,0,
ao_extra_135,random_mixed,9,5,2,4,n9|p5|q2|k4|budget20|stackr9|targetr2,0,0,0,1,0,0,inf,2.3525728059348222e-14,0.9999999999999969,2,,0,1,17,9,0,1,1,2,0,
ao_extra_136,random_local_candidate,9,5,3,2,n9|p5|q3|k2|budget10|stackr7|targetr3,1,1,1,1,3,3,7.209092418947239e-15,5.7320902270284e-15,0.9999999999999994,0,0,1,1,11,3,0,1,1,2,1,
ao_extra_137,random_local_candidate,9,5,2,4,n9|p5|q2|k4|budget20|stackr9|targetr2,1,1,1,1,2,2,1.7840740515527858e-15,6.725846631149505e-15,0.9999999999999993,0,0,1,1,11,4,0,1,1,2,1,
ao_extra_138,rank_limited,7,4,3,4,n7|p4|q3|k4|budget16|stackr4|targetr3,0,0,0,1,0,0,inf,inf,-inf,3,,0,1,10,7,0,1,1,2,0,
ao_extra_139,rank_limited,6,4,3,3,n6|p4|q3|k3|budget12|stackr6|targetr3,0,0,0,1,0,0,inf,1.6301811500268424e-14,0.9999999999999978,3,,0,1,15,6,0,1,1,2,0,
