witness_id,witness_type,class_name,role,theorem_target,status,n,p,q,k,total_budget,stack_rank,amount_signature,local_exact_all,invariant_exact,agreement_exact,cid,free_threshold,library_defect,library_rank_gain,restricted_found,restricted_rows,notes
pw_0,A,Compatibility-Organized Recoverable Systems,positive,characterization_and_strong_sufficiency,PROVED ON SUPPORTED FAMILY,8,5,3,4,20,8,n8|p5|q3|k4|b20,1,1,1,1.5593618942426743e-13,0,0,5,1,0,agreement-lift compatibility satisfied
pw_1,A,Compatibility-Organized Recoverable Systems,positive,characterization_and_strong_sufficiency,PROVED ON SUPPORTED FAMILY,8,4,2,4,16,8,n8|p4|q2|k4|b16,1,1,1,4.044931175230247e-14,0,0,6,1,0,agreement-lift compatibility satisfied
pw_2,A,Compatibility-Organized Recoverable Systems,positive,characterization_and_strong_sufficiency,PROVED ON SUPPORTED FAMILY,8,4,2,3,12,8,n8|p4|q2|k3|b12,1,1,1,2.0326482703839956e-14,0,0,6,1,0,agreement-lift compatibility satisfied
pw_3,A,Compatibility-Organized Recoverable Systems,positive,characterization_and_strong_sufficiency,PROVED ON SUPPORTED FAMILY,9,4,3,2,8,5,n9|p4|q3|k2|b8,1,1,1,2.715511106784476e-14,0,0,5,1,0,agreement-lift compatibility satisfied
pw_4,A,Compatibility-Organized Recoverable Systems,positive,characterization_and_strong_sufficiency,PROVED ON SUPPORTED FAMILY,7,4,3,3,12,6,n7|p4|q3|k3|b12,1,1,1,8.196905236120315e-14,0,0,4,1,0,agreement-lift compatibility satisfied
pw_5,A,Compatibility-Organized Recoverable Systems,positive,characterization_and_strong_sufficiency,PROVED ON SUPPORTED FAMILY,8,5,3,4,20,8,n8|p5|q3|k4|b20,1,1,1,6.748777200247693e-14,0,0,5,1,0,agreement-lift compatibility satisfied
pw_6,A,Compatibility-Organized Recoverable Systems,positive,characterization_and_strong_sufficiency,PROVED ON SUPPORTED FAMILY,9,5,2,2,10,8,n9|p5|q2|k2|b10,1,1,1,4.6386216796848947e-14,0,0,7,1,0,agreement-lift compatibility satisfied
pw_7,A,Compatibility-Organized Recoverable Systems,positive,characterization_and_strong_sufficiency,PROVED ON SUPPORTED FAMILY,6,4,2,2,8,6,n6|p4|q2|k2|b8,1,1,1,4.138869196888789e-14,0,0,4,1,0,agreement-lift compatibility satisfied
pw_8,A,Compatibility-Organized Recoverable Systems,positive,characterization_and_strong_sufficiency,PROVED ON SUPPORTED FAMILY,6,5,3,3,15,6,n6|p5|q3|k3|b15,1,1,1,3.4194090330940554e-14,0,0,3,1,0,agreement-lift compatibility satisfied
pw_9,A,Compatibility-Organized Recoverable Systems,positive,characterization_and_strong_sufficiency,PROVED ON SUPPORTED FAMILY,8,5,2,3,15,8,n8|p5|q2|k3|b15,1,1,1,3.824279200613919e-14,0,0,6,1,0,agreement-lift compatibility satisfied
pw_10,A,Compatibility-Organized Recoverable Systems,positive,characterization_and_strong_sufficiency,PROVED ON SUPPORTED FAMILY,9,5,3,3,15,9,n9|p5|q3|k3|b15,1,1,1,2.1999768800341515e-14,0,0,6,1,0,agreement-lift compatibility satisfied
pw_11,A,Compatibility-Organized Recoverable Systems,positive,characterization_and_strong_sufficiency,PROVED ON SUPPORTED FAMILY,7,5,2,4,20,7,n7|p5|q2|k4|b20,1,1,1,2.5103073074894707e-14,0,0,5,1,0,agreement-lift compatibility satisfied
pw_12,A,Compatibility-Organized Recoverable Systems,positive,characterization_and_strong_sufficiency,PROVED ON SUPPORTED FAMILY,9,5,2,3,15,9,n9|p5|q2|k3|b15,1,1,1,3.778217981805705e-14,0,0,7,1,0,agreement-lift compatibility satisfied
pw_13,A,Compatibility-Organized Recoverable Systems,positive,characterization_and_strong_sufficiency,PROVED ON SUPPORTED FAMILY,6,4,3,4,16,6,n6|p4|q3|k4|b16,1,1,1,8.353132747096148e-14,0,0,3,1,0,agreement-lift compatibility satisfied
pw_14,A,Compatibility-Organized Recoverable Systems,positive,characterization_and_strong_sufficiency,PROVED ON SUPPORTED FAMILY,8,4,2,3,12,8,n8|p4|q2|k3|b12,1,1,1,4.457293113313413e-14,0,0,6,1,0,agreement-lift compatibility satisfied
pw_15,A,Compatibility-Organized Recoverable Systems,positive,characterization_and_strong_sufficiency,PROVED ON SUPPORTED FAMILY,7,5,3,4,20,7,n7|p5|q3|k4|b20,1,1,1,5.093347023938064e-14,0,0,4,1,0,agreement-lift compatibility satisfied
pw_16,A,Compatibility-Organized Recoverable Systems,positive,characterization_and_strong_sufficiency,PROVED ON SUPPORTED FAMILY,9,5,3,4,20,9,n9|p5|q3|k4|b20,1,1,1,1.1079135791678663e-13,0,0,6,1,0,agreement-lift compatibility satisfied
pw_17,A,Compatibility-Organized Recoverable Systems,positive,characterization_and_strong_sufficiency,PROVED ON SUPPORTED FAMILY,8,4,2,2,8,6,n8|p4|q2|k2|b8,1,1,1,7.223790478714754e-14,0,0,6,1,0,agreement-lift compatibility satisfied
pw_18,A,Compatibility-Organized Recoverable Systems,positive,characterization_and_strong_sufficiency,PROVED ON SUPPORTED FAMILY,9,5,2,3,15,9,n9|p5|q2|k3|b15,1,1,1,5.00286993933643e-14,0,0,7,1,0,agreement-lift compatibility satisfied
pw_19,A,Compatibility-Organized Recoverable Systems,positive,characterization_and_strong_sufficiency,PROVED ON SUPPORTED FAMILY,6,4,3,2,8,5,n6|p4|q3|k2|b8,1,1,1,3.517918203813213e-14,0,0,3,1,0,agreement-lift compatibility satisfied
pw_20,A,Compatibility-Organized Recoverable Systems,positive,characterization_and_strong_sufficiency,PROVED ON SUPPORTED FAMILY,9,5,2,2,10,8,n9|p5|q2|k2|b10,1,1,1,8.2696695446621e-15,0,0,7,1,0,agreement-lift compatibility satisfied
pw_21,A,Compatibility-Organized Recoverable Systems,positive,characterization_and_strong_sufficiency,PROVED ON SUPPORTED FAMILY,8,4,3,2,8,5,n8|p4|q3|k2|b8,1,1,1,1.9872682020207263e-14,0,0,5,1,0,agreement-lift compatibility satisfied
pw_22,A,Compatibility-Organized Recoverable Systems,positive,characterization_and_strong_sufficiency,PROVED ON SUPPORTED FAMILY,8,5,2,3,15,8,n8|p5|q2|k3|b15,1,1,1,2.963239275942983e-14,0,0,6,1,0,agreement-lift compatibility satisfied
pw_23,A,Compatibility-Organized Recoverable Systems,positive,characterization_and_strong_sufficiency,PROVED ON SUPPORTED FAMILY,8,5,2,4,20,8,n8|p5|q2|k4|b20,1,1,1,8.321497437117215e-14,0,0,6,1,0,agreement-lift compatibility satisfied
pw_24,A,Compatibility-Organized Recoverable Systems,positive,characterization_and_strong_sufficiency,PROVED ON SUPPORTED FAMILY,8,5,3,2,10,7,n8|p5|q3|k2|b10,1,1,1,2.5259610245106166e-14,0,0,5,1,0,agreement-lift compatibility satisfied
pw_25,A,Compatibility-Organized Recoverable Systems,positive,characterization_and_strong_sufficiency,PROVED ON SUPPORTED FAMILY,7,5,3,2,10,7,n7|p5|q3|k2|b10,1,1,1,6.216581746075616e-14,0,0,4,1,0,agreement-lift compatibility satisfied
pw_26,A,Compatibility-Organized Recoverable Systems,positive,characterization_and_strong_sufficiency,PROVED ON SUPPORTED FAMILY,8,5,3,2,10,7,n8|p5|q3|k2|b10,1,1,1,4.9037778331207405e-14,0,0,5,1,0,agreement-lift compatibility satisfied
pw_27,A,Compatibility-Organized Recoverable Systems,positive,characterization_and_strong_sufficiency,PROVED ON SUPPORTED FAMILY,6,5,2,4,20,6,n6|p5|q2|k4|b20,1,1,1,3.0577726990625126e-14,0,0,4,1,0,agreement-lift compatibility satisfied
pw_28,A,Compatibility-Organized Recoverable Systems,positive,characterization_and_strong_sufficiency,PROVED ON SUPPORTED FAMILY,6,5,2,4,20,6,n6|p5|q2|k4|b20,1,1,1,2.056881047195836e-14,0,0,4,1,0,agreement-lift compatibility satisfied
pw_29,A,Compatibility-Organized Recoverable Systems,positive,characterization_and_strong_sufficiency,PROVED ON SUPPORTED FAMILY,9,4,2,3,12,8,n9|p4|q2|k3|b12,1,1,1,1.277726701150569e-14,0,0,7,1,0,agreement-lift compatibility satisfied
pw_30,A,Compatibility-Organized Recoverable Systems,positive,characterization_and_strong_sufficiency,PROVED ON SUPPORTED FAMILY,8,5,2,2,10,8,n8|p5|q2|k2|b10,1,1,1,3.6140021718183746e-14,0,0,6,1,0,agreement-lift compatibility satisfied
pw_31,A,Compatibility-Organized Recoverable Systems,positive,characterization_and_strong_sufficiency,PROVED ON SUPPORTED FAMILY,6,5,3,4,20,6,n6|p5|q3|k4|b20,1,1,1,2.3998286701719248e-14,0,0,3,1,0,agreement-lift compatibility satisfied
pw_32,A,Compatibility-Organized Recoverable Systems,positive,characterization_and_strong_sufficiency,PROVED ON SUPPORTED FAMILY,9,4,3,3,12,6,n9|p4|q3|k3|b12,1,1,1,1.7781600365937166e-14,0,0,6,1,0,agreement-lift compatibility satisfied
pw_33,A,Compatibility-Organized Recoverable Systems,positive,characterization_and_strong_sufficiency,PROVED ON SUPPORTED FAMILY,6,5,3,2,10,6,n6|p5|q3|k2|b10,1,1,1,4.774526993182067e-14,0,0,3,1,0,agreement-lift compatibility satisfied
pw_34,A,Compatibility-Organized Recoverable Systems,positive,characterization_and_strong_sufficiency,PROVED ON SUPPORTED FAMILY,8,5,3,3,15,8,n8|p5|q3|k3|b15,1,1,1,3.4869469694460055e-14,0,0,5,1,0,agreement-lift compatibility satisfied
pw_35,A,Compatibility-Organized Recoverable Systems,positive,characterization_and_strong_sufficiency,PROVED ON SUPPORTED FAMILY,6,4,2,2,8,6,n6|p4|q2|k2|b8,1,1,1,8.95090418262362e-15,0,0,4,1,0,agreement-lift compatibility satisfied
pw_36,A,Compatibility-Organized Recoverable Systems,positive,characterization_and_strong_sufficiency,PROVED ON SUPPORTED FAMILY,8,5,3,3,15,8,n8|p5|q3|k3|b15,1,1,1,5.989630066725444e-14,0,0,5,1,0,agreement-lift compatibility satisfied
pw_37,A,Compatibility-Organized Recoverable Systems,positive,characterization_and_strong_sufficiency,PROVED ON SUPPORTED FAMILY,9,4,3,4,16,7,n9|p4|q3|k4|b16,1,1,1,4.20034214621475e-14,0,0,6,1,0,agreement-lift compatibility satisfied
pw_38,A,Compatibility-Organized Recoverable Systems,positive,characterization_and_strong_sufficiency,PROVED ON SUPPORTED FAMILY,8,5,2,3,15,8,n8|p5|q2|k3|b15,1,1,1,3.802036019924673e-14,0,0,6,1,0,agreement-lift compatibility satisfied
pw_39,A,Compatibility-Organized Recoverable Systems,positive,characterization_and_strong_sufficiency,PROVED ON SUPPORTED FAMILY,8,4,2,2,8,6,n8|p4|q2|k2|b8,1,1,1,8.982692299641997e-15,0,0,6,1,0,agreement-lift compatibility satisfied
pw_40,A,Compatibility-Organized Recoverable Systems,positive,characterization_and_strong_sufficiency,PROVED ON SUPPORTED FAMILY,6,5,3,4,20,6,n6|p5|q3|k4|b20,1,1,1,2.56012043817885e-14,0,0,3,1,0,agreement-lift compatibility satisfied
pw_41,A,Compatibility-Organized Recoverable Systems,positive,characterization_and_strong_sufficiency,PROVED ON SUPPORTED FAMILY,8,4,2,2,8,6,n8|p4|q2|k2|b8,1,1,1,2.076443566557635e-14,0,0,6,1,0,agreement-lift compatibility satisfied
pw_42,A,Compatibility-Organized Recoverable Systems,positive,characterization_and_strong_sufficiency,PROVED ON SUPPORTED FAMILY,8,5,3,4,20,8,n8|p5|q3|k4|b20,1,1,1,3.77423578967033e-14,0,0,5,1,0,agreement-lift compatibility satisfied
pw_43,A,Compatibility-Organized Recoverable Systems,positive,characterization_and_strong_sufficiency,PROVED ON SUPPORTED FAMILY,7,5,3,3,15,7,n7|p5|q3|k3|b15,1,1,1,8.266804316405923e-14,0,0,4,1,0,agreement-lift compatibility satisfied
pw_44,A,Compatibility-Organized Recoverable Systems,positive,characterization_and_strong_sufficiency,PROVED ON SUPPORTED FAMILY,9,4,2,2,8,6,n9|p4|q2|k2|b8,1,1,1,1.4691300685124236e-13,0,0,7,1,0,agreement-lift compatibility satisfied
pw_45,A,Compatibility-Organized Recoverable Systems,positive,characterization_and_strong_sufficiency,PROVED ON SUPPORTED FAMILY,6,4,3,4,16,6,n6|p4|q3|k4|b16,1,1,1,2.901656604258507e-14,0,0,3,1,0,agreement-lift compatibility satisfied
pw_46,A,Compatibility-Organized Recoverable Systems,positive,characterization_and_strong_sufficiency,PROVED ON SUPPORTED FAMILY,9,4,3,3,12,6,n9|p4|q3|k3|b12,1,1,1,6.7147110911719e-14,0,0,6,1,0,agreement-lift compatibility satisfied
pw_47,A,Compatibility-Organized Recoverable Systems,positive,characterization_and_strong_sufficiency,PROVED ON SUPPORTED FAMILY,7,4,2,4,16,7,n7|p4|q2|k4|b16,1,1,1,8.238602937473524e-14,0,0,5,1,0,agreement-lift compatibility satisfied
pw_48,A,Compatibility-Organized Recoverable Systems,positive,characterization_and_strong_sufficiency,PROVED ON SUPPORTED FAMILY,9,5,3,4,20,9,n9|p5|q3|k4|b20,1,1,1,9.105029624867735e-14,0,0,6,1,0,agreement-lift compatibility satisfied
pw_49,A,Compatibility-Organized Recoverable Systems,positive,characterization_and_strong_sufficiency,PROVED ON SUPPORTED FAMILY,6,5,2,2,10,6,n6|p5|q2|k2|b10,1,1,1,2.6077718537231904e-14,0,0,4,1,0,agreement-lift compatibility satisfied
pw_50,A,Compatibility-Organized Recoverable Systems,positive,characterization_and_strong_sufficiency,PROVED ON SUPPORTED FAMILY,7,4,2,2,8,6,n7|p4|q2|k2|b8,1,1,1,1.606719425517648e-14,0,0,5,1,0,agreement-lift compatibility satisfied
pw_51,A,Compatibility-Organized Recoverable Systems,positive,characterization_and_strong_sufficiency,PROVED ON SUPPORTED FAMILY,7,5,3,4,20,7,n7|p5|q3|k4|b20,1,1,1,3.3136274339715464e-14,0,0,4,1,0,agreement-lift compatibility satisfied
pw_52,A,Compatibility-Organized Recoverable Systems,positive,characterization_and_strong_sufficiency,PROVED ON SUPPORTED FAMILY,9,4,2,2,8,6,n9|p4|q2|k2|b8,1,1,1,3.552783067061927e-14,0,0,7,1,0,agreement-lift compatibility satisfied
pw_53,A,Compatibility-Organized Recoverable Systems,positive,characterization_and_strong_sufficiency,PROVED ON SUPPORTED FAMILY,8,5,2,4,20,8,n8|p5|q2|k4|b20,1,1,1,2.24082594658705e-14,0,0,6,1,0,agreement-lift compatibility satisfied
pw_54,A,Compatibility-Organized Recoverable Systems,positive,characterization_and_strong_sufficiency,PROVED ON SUPPORTED FAMILY,7,5,3,2,10,7,n7|p5|q3|k2|b10,1,1,1,6.008553267260378e-14,0,0,4,1,0,agreement-lift compatibility satisfied
pw_55,A,Compatibility-Organized Recoverable Systems,positive,characterization_and_strong_sufficiency,PROVED ON SUPPORTED FAMILY,8,5,2,3,15,8,n8|p5|q2|k3|b15,1,1,1,1.216455917811127e-13,0,0,6,1,0,agreement-lift compatibility satisfied
pw_56,A,Compatibility-Organized Recoverable Systems,positive,characterization_and_strong_sufficiency,PROVED ON SUPPORTED FAMILY,6,5,3,2,10,6,n6|p5|q3|k2|b10,1,1,1,4.280237342384522e-14,0,0,3,1,0,agreement-lift compatibility satisfied
pw_57,A,Compatibility-Organized Recoverable Systems,positive,characterization_and_strong_sufficiency,PROVED ON SUPPORTED FAMILY,7,4,2,2,8,6,n7|p4|q2|k2|b8,1,1,1,3.482350393844652e-14,0,0,5,1,0,agreement-lift compatibility satisfied
pw_58,A,Compatibility-Organized Recoverable Systems,positive,characterization_and_strong_sufficiency,PROVED ON SUPPORTED FAMILY,9,5,2,4,20,9,n9|p5|q2|k4|b20,1,1,1,5.499776826226933e-13,0,0,7,1,0,agreement-lift compatibility satisfied
pw_59,A,Compatibility-Organized Recoverable Systems,positive,characterization_and_strong_sufficiency,PROVED ON SUPPORTED FAMILY,8,4,3,3,12,6,n8|p4|q3|k3|b12,1,1,1,1.0168309580904819e-13,0,0,5,1,0,agreement-lift compatibility satisfied
pw_60,A,Compatibility-Organized Recoverable Systems,positive,characterization_and_strong_sufficiency,PROVED ON SUPPORTED FAMILY,9,5,2,2,10,8,n9|p5|q2|k2|b10,1,1,1,2.094286758794286e-14,0,0,7,1,0,agreement-lift compatibility satisfied
pw_61,A,Compatibility-Organized Recoverable Systems,positive,characterization_and_strong_sufficiency,PROVED ON SUPPORTED FAMILY,6,5,2,2,10,6,n6|p5|q2|k2|b10,1,1,1,2.7124638872177958e-14,0,0,4,1,0,agreement-lift compatibility satisfied
pw_62,A,Compatibility-Organized Recoverable Systems,positive,characterization_and_strong_sufficiency,PROVED ON SUPPORTED FAMILY,9,5,2,4,20,9,n9|p5|q2|k4|b20,1,1,1,1.974766440011826e-14,0,0,7,1,0,agreement-lift compatibility satisfied
pw_63,A,Compatibility-Organized Recoverable Systems,positive,characterization_and_strong_sufficiency,PROVED ON SUPPORTED FAMILY,9,5,3,4,20,9,n9|p5|q3|k4|b20,1,1,1,1.5630088896204313e-13,0,0,6,1,0,agreement-lift compatibility satisfied
pw_64,A,Compatibility-Organized Recoverable Systems,positive,characterization_and_strong_sufficiency,PROVED ON SUPPORTED FAMILY,7,5,2,3,15,7,n7|p5|q2|k3|b15,1,1,1,8.049201151907403e-14,0,0,5,1,0,agreement-lift compatibility satisfied
pw_65,A,Compatibility-Organized Recoverable Systems,positive,characterization_and_strong_sufficiency,PROVED ON SUPPORTED FAMILY,9,4,3,2,8,5,n9|p4|q3|k2|b8,1,1,1,3.017050219939236e-14,0,0,5,1,0,agreement-lift compatibility satisfied
pw_66,A,Compatibility-Organized Recoverable Systems,positive,characterization_and_strong_sufficiency,PROVED ON SUPPORTED FAMILY,9,4,2,2,8,6,n9|p4|q2|k2|b8,1,1,1,3.1269683273443054e-14,0,0,7,1,0,agreement-lift compatibility satisfied
pw_67,A,Compatibility-Organized Recoverable Systems,positive,characterization_and_strong_sufficiency,PROVED ON SUPPORTED FAMILY,8,5,3,2,10,7,n8|p5|q3|k2|b10,1,1,1,1.5324330580950585e-13,0,0,5,1,0,agreement-lift compatibility satisfied
pw_68,A,Compatibility-Organized Recoverable Systems,positive,characterization_and_strong_sufficiency,PROVED ON SUPPORTED FAMILY,6,5,3,3,15,6,n6|p5|q3|k3|b15,1,1,1,9.085877794563179e-14,0,0,3,1,0,agreement-lift compatibility satisfied
pw_69,A,Compatibility-Organized Recoverable Systems,positive,characterization_and_strong_sufficiency,PROVED ON SUPPORTED FAMILY,8,5,2,2,10,8,n8|p5|q2|k2|b10,1,1,1,1.734365947319328e-14,0,0,6,1,0,agreement-lift compatibility satisfied
pw_70,B,Context-Consistent Recoverability Systems,descriptor_pair_exact,descriptor_only_failure_boundary,PROVED ON SUPPORTED FAMILY,9,2,1,2,4,2,n9|p2|q1|k2|b4,1,1,1,2.2644195468014703e-15,0,0,3,1,0,same amount signature exact branch
pw_71,B,Context-Consistent Recoverability Systems,descriptor_pair_fail,descriptor_only_failure_boundary,PROVED ON SUPPORTED FAMILY,9,2,1,2,4,3,n9|p2|q1|k2|b4,1,0,0,4.66172793254531,1,0,6,1,2,same amount signature fail branch
pw_72,C,Augmentation-Completable Recoverability Systems,positive_repair,positive_augmentation_theorem,PROVED ON SUPPORTED FAMILY,9,2,1,2,4,3,n9|p2|q1|k2|b4,1,0,0,4.66172793254531,1,0,6,1,2,local exact/global fail repaired by free shared augmentation
pw_73,D,Descriptor-Lift Recoverability Systems,lift_resolves_descriptor_failure,descriptor_lift_theorem_candidate,PROVED ON SUPPORTED FAMILY,9,2,1,2,4,3,n9|p2|q1|k2|b4,1,0,0,4.66172793254531,1,0,6,1,2,descriptor-only fails; compatibility lift gives defect certificate
pw_74,B,Context-Consistent Recoverability Systems,descriptor_pair_exact,descriptor_only_failure_boundary,PROVED ON SUPPORTED FAMILY,7,2,1,3,6,2,n7|p2|q1|k3|b6,1,1,1,2.7194799110210367e-15,0,0,3,1,0,same amount signature exact branch
pw_75,B,Context-Consistent Recoverability Systems,descriptor_pair_fail,descriptor_only_failure_boundary,PROVED ON SUPPORTED FAMILY,7,2,1,3,6,4,n7|p2|q1|k3|b6,1,0,0,3.5222287563185946,1,0,7,1,1,same amount signature fail branch
pw_76,C,Augmentation-Completable Recoverability Systems,positive_repair,positive_augmentation_theorem,PROVED ON SUPPORTED FAMILY,7,2,1,3,6,4,n7|p2|q1|k3|b6,1,0,0,3.5222287563185946,1,0,7,1,1,local exact/global fail repaired by free shared augmentation
pw_77,D,Descriptor-Lift Recoverability Systems,lift_resolves_descriptor_failure,descriptor_lift_theorem_candidate,PROVED ON SUPPORTED FAMILY,7,2,1,3,6,4,n7|p2|q1|k3|b6,1,0,0,3.5222287563185946,1,0,7,1,1,descriptor-only fails; compatibility lift gives defect certificate
pw_78,B,Context-Consistent Recoverability Systems,descriptor_pair_exact,descriptor_only_failure_boundary,PROVED ON SUPPORTED FAMILY,8,2,1,3,6,2,n8|p2|q1|k3|b6,1,1,1,3.820199830714189e-15,0,0,3,1,0,same amount signature exact branch
pw_79,B,Context-Consistent Recoverability Systems,descriptor_pair_fail,descriptor_only_failure_boundary,PROVED ON SUPPORTED FAMILY,8,2,1,3,6,4,n8|p2|q1|k3|b6,1,0,0,6.705305078351785,1,0,7,1,1,same amount signature fail branch
pw_80,C,Augmentation-Completable Recoverability Systems,positive_repair,positive_augmentation_theorem,PROVED ON SUPPORTED FAMILY,8,2,1,3,6,4,n8|p2|q1|k3|b6,1,0,0,6.705305078351785,1,0,7,1,1,local exact/global fail repaired by free shared augmentation
pw_81,D,Descriptor-Lift Recoverability Systems,lift_resolves_descriptor_failure,descriptor_lift_theorem_candidate,PROVED ON SUPPORTED FAMILY,8,2,1,3,6,4,n8|p2|q1|k3|b6,1,0,0,6.705305078351785,1,0,7,1,1,descriptor-only fails; compatibility lift gives defect certificate
pw_82,B,Context-Consistent Recoverability Systems,descriptor_pair_exact,descriptor_only_failure_boundary,PROVED ON SUPPORTED FAMILY,9,2,1,2,4,2,n9|p2|q1|k2|b4,1,1,1,1.1199503735886732e-14,0,0,3,1,0,same amount signature exact branch
pw_83,B,Context-Consistent Recoverability Systems,descriptor_pair_fail,descriptor_only_failure_boundary,PROVED ON SUPPORTED FAMILY,9,2,1,2,4,3,n9|p2|q1|k2|b4,1,0,0,2.311588884862773,1,0,6,1,2,same amount signature fail branch
pw_84,C,Augmentation-Completable Recoverability Systems,positive_repair,positive_augmentation_theorem,PROVED ON SUPPORTED FAMILY,9,2,1,2,4,3,n9|p2|q1|k2|b4,1,0,0,2.311588884862773,1,0,6,1,2,local exact/global fail repaired by free shared augmentation
pw_85,D,Descriptor-Lift Recoverability Systems,lift_resolves_descriptor_failure,descriptor_lift_theorem_candidate,PROVED ON SUPPORTED FAMILY,9,2,1,2,4,3,n9|p2|q1|k2|b4,1,0,0,2.311588884862773,1,0,6,1,2,descriptor-only fails; compatibility lift gives defect certificate
pw_86,B,Context-Consistent Recoverability Systems,descriptor_pair_exact,descriptor_only_failure_boundary,PROVED ON SUPPORTED FAMILY,6,2,1,4,8,2,n6|p2|q1|k4|b8,1,1,1,6.377745716588144e-15,0,0,3,1,0,same amount signature exact branch
pw_87,B,Context-Consistent Recoverability Systems,descriptor_pair_fail,descriptor_only_failure_boundary,PROVED ON SUPPORTED FAMILY,6,2,1,4,8,5,n6|p2|q1|k4|b8,1,0,0,6.5280073238480565,1,0,6,1,2,same amount signature fail branch
pw_88,C,Augmentation-Completable Recoverability Systems,positive_repair,positive_augmentation_theorem,PROVED ON SUPPORTED FAMILY,6,2,1,4,8,5,n6|p2|q1|k4|b8,1,0,0,6.5280073238480565,1,0,6,1,2,local exact/global fail repaired by free shared augmentation
pw_89,D,Descriptor-Lift Recoverability Systems,lift_resolves_descriptor_failure,descriptor_lift_theorem_candidate,PROVED ON SUPPORTED FAMILY,6,2,1,4,8,5,n6|p2|q1|k4|b8,1,0,0,6.5280073238480565,1,0,6,1,2,descriptor-only fails; compatibility lift gives defect certificate
pw_90,B,Context-Consistent Recoverability Systems,descriptor_pair_exact,descriptor_only_failure_boundary,PROVED ON SUPPORTED FAMILY,9,2,1,2,4,2,n9|p2|q1|k2|b4,1,1,1,9.42055475210265e-16,0,0,3,1,0,same amount signature exact branch
pw_91,B,Context-Consistent Recoverability Systems,descriptor_pair_fail,descriptor_only_failure_boundary,PROVED ON SUPPORTED FAMILY,9,2,1,2,4,3,n9|p2|q1|k2|b4,1,0,0,3.7907342954432557,1,0,6,1,1,same amount signature fail branch
pw_92,C,Augmentation-Completable Recoverability Systems,positive_repair,positive_augmentation_theorem,PROVED ON SUPPORTED FAMILY,9,2,1,2,4,3,n9|p2|q1|k2|b4,1,0,0,3.7907342954432557,1,0,6,1,1,local exact/global fail repaired by free shared augmentation
pw_93,D,Descriptor-Lift Recoverability Systems,lift_resolves_descriptor_failure,descriptor_lift_theorem_candidate,PROVED ON SUPPORTED FAMILY,9,2,1,2,4,3,n9|p2|q1|k2|b4,1,0,0,3.7907342954432557,1,0,6,1,1,descriptor-only fails; compatibility lift gives defect certificate
pw_94,B,Context-Consistent Recoverability Systems,descriptor_pair_exact,descriptor_only_failure_boundary,PROVED ON SUPPORTED FAMILY,8,2,1,2,4,2,n8|p2|q1|k2|b4,1,1,1,8.308148362110449e-16,0,0,3,1,0,same amount signature exact branch
pw_95,B,Context-Consistent Recoverability Systems,descriptor_pair_fail,descriptor_only_failure_boundary,PROVED ON SUPPORTED FAMILY,8,2,1,2,4,3,n8|p2|q1|k2|b4,1,0,0,5.529629335936877,1,0,6,1,2,same amount signature fail branch
pw_96,C,Augmentation-Completable Recoverability Systems,positive_repair,positive_augmentation_theorem,PROVED ON SUPPORTED FAMILY,8,2,1,2,4,3,n8|p2|q1|k2|b4,1,0,0,5.529629335936877,1,0,6,1,2,local exact/global fail repaired by free shared augmentation
pw_97,D,Descriptor-Lift Recoverability Systems,lift_resolves_descriptor_failure,descriptor_lift_theorem_candidate,PROVED ON SUPPORTED FAMILY,8,2,1,2,4,3,n8|p2|q1|k2|b4,1,0,0,5.529629335936877,1,0,6,1,2,descriptor-only fails; compatibility lift gives defect certificate
pw_98,B,Context-Consistent Recoverability Systems,descriptor_pair_exact,descriptor_only_failure_boundary,PROVED ON SUPPORTED FAMILY,6,2,1,2,4,2,n6|p2|q1|k2|b4,1,1,1,2.3603665272841412e-15,0,0,3,1,0,same amount signature exact branch
pw_99,B,Context-Consistent Recoverability Systems,descriptor_pair_fail,descriptor_only_failure_boundary,PROVED ON SUPPORTED FAMILY,6,2,1,2,4,3,n6|p2|q1|k2|b4,1,0,0,4.38696681539024,1,0,6,1,1,same amount signature fail branch
pw_100,C,Augmentation-Completable Recoverability Systems,positive_repair,positive_augmentation_theorem,PROVED ON SUPPORTED FAMILY,6,2,1,2,4,3,n6|p2|q1|k2|b4,1,0,0,4.38696681539024,1,0,6,1,1,local exact/global fail repaired by free shared augmentation
pw_101,D,Descriptor-Lift Recoverability Systems,lift_resolves_descriptor_failure,descriptor_lift_theorem_candidate,PROVED ON SUPPORTED FAMILY,6,2,1,2,4,3,n6|p2|q1|k2|b4,1,0,0,4.38696681539024,1,0,6,1,1,descriptor-only fails; compatibility lift gives defect certificate
pw_102,B,Context-Consistent Recoverability Systems,descriptor_pair_exact,descriptor_only_failure_boundary,PROVED ON SUPPORTED FAMILY,7,2,1,4,8,2,n7|p2|q1|k4|b8,1,1,1,2.7012892057857038e-15,0,0,3,1,0,same amount signature exact branch
pw_103,B,Context-Consistent Recoverability Systems,descriptor_pair_fail,descriptor_only_failure_boundary,PROVED ON SUPPORTED FAMILY,7,2,1,4,8,5,n7|p2|q1|k4|b8,1,0,0,4.893472632021035,1,0,7,1,1,same amount signature fail branch
pw_104,C,Augmentation-Completable Recoverability Systems,positive_repair,positive_augmentation_theorem,PROVED ON SUPPORTED FAMILY,7,2,1,4,8,5,n7|p2|q1|k4|b8,1,0,0,4.893472632021035,1,0,7,1,1,local exact/global fail repaired by free shared augmentation
pw_105,D,Descriptor-Lift Recoverability Systems,lift_resolves_descriptor_failure,descriptor_lift_theorem_candidate,PROVED ON SUPPORTED FAMILY,7,2,1,4,8,5,n7|p2|q1|k4|b8,1,0,0,4.893472632021035,1,0,7,1,1,descriptor-only fails; compatibility lift gives defect certificate
pw_106,B,Context-Consistent Recoverability Systems,descriptor_pair_exact,descriptor_only_failure_boundary,PROVED ON SUPPORTED FAMILY,7,2,1,4,8,2,n7|p2|q1|k4|b8,1,1,1,2.808666774861361e-15,0,0,3,1,0,same amount signature exact branch
pw_107,B,Context-Consistent Recoverability Systems,descriptor_pair_fail,descriptor_only_failure_boundary,PROVED ON SUPPORTED FAMILY,7,2,1,4,8,5,n7|p2|q1|k4|b8,1,0,0,4.937235620460314,1,0,7,1,2,same amount signature fail branch
pw_108,C,Augmentation-Completable Recoverability Systems,positive_repair,positive_augmentation_theorem,PROVED ON SUPPORTED FAMILY,7,2,1,4,8,5,n7|p2|q1|k4|b8,1,0,0,4.937235620460314,1,0,7,1,2,local exact/global fail repaired by free shared augmentation
pw_109,D,Descriptor-Lift Recoverability Systems,lift_resolves_descriptor_failure,descriptor_lift_theorem_candidate,PROVED ON SUPPORTED FAMILY,7,2,1,4,8,5,n7|p2|q1|k4|b8,1,0,0,4.937235620460314,1,0,7,1,2,descriptor-only fails; compatibility lift gives defect certificate
pw_110,B,Context-Consistent Recoverability Systems,descriptor_pair_exact,descriptor_only_failure_boundary,PROVED ON SUPPORTED FAMILY,8,2,1,4,8,2,n8|p2|q1|k4|b8,1,1,1,6.373879244140267e-15,0,0,3,1,0,same amount signature exact branch
pw_111,B,Context-Consistent Recoverability Systems,descriptor_pair_fail,descriptor_only_failure_boundary,PROVED ON SUPPORTED FAMILY,8,2,1,4,8,5,n8|p2|q1|k4|b8,1,0,0,4.846323145364497,1,0,8,1,2,same amount signature fail branch
pw_112,C,Augmentation-Completable Recoverability Systems,positive_repair,positive_augmentation_theorem,PROVED ON SUPPORTED FAMILY,8,2,1,4,8,5,n8|p2|q1|k4|b8,1,0,0,4.846323145364497,1,0,8,1,2,local exact/global fail repaired by free shared augmentation
pw_113,D,Descriptor-Lift Recoverability Systems,lift_resolves_descriptor_failure,descriptor_lift_theorem_candidate,PROVED ON SUPPORTED FAMILY,8,2,1,4,8,5,n8|p2|q1|k4|b8,1,0,0,4.846323145364497,1,0,8,1,2,descriptor-only fails; compatibility lift gives defect certificate
pw_114,B,Context-Consistent Recoverability Systems,descriptor_pair_exact,descriptor_only_failure_boundary,PROVED ON SUPPORTED FAMILY,7,2,1,2,4,2,n7|p2|q1|k2|b4,1,1,1,1.5543122344752192e-15,0,0,3,1,0,same amount signature exact branch
pw_115,B,Context-Consistent Recoverability Systems,descriptor_pair_fail,descriptor_only_failure_boundary,PROVED ON SUPPORTED FAMILY,7,2,1,2,4,3,n7|p2|q1|k2|b4,1,0,0,3.52990409148709,1,0,6,1,1,same amount signature fail branch
pw_116,C,Augmentation-Completable Recoverability Systems,positive_repair,positive_augmentation_theorem,PROVED ON SUPPORTED FAMILY,7,2,1,2,4,3,n7|p2|q1|k2|b4,1,0,0,3.52990409148709,1,0,6,1,1,local exact/global fail repaired by free shared augmentation
pw_117,D,Descriptor-Lift Recoverability Systems,lift_resolves_descriptor_failure,descriptor_lift_theorem_candidate,PROVED ON SUPPORTED FAMILY,7,2,1,2,4,3,n7|p2|q1|k2|b4,1,0,0,3.52990409148709,1,0,6,1,1,descriptor-only fails; compatibility lift gives defect certificate
pw_118,B,Context-Consistent Recoverability Systems,descriptor_pair_exact,descriptor_only_failure_boundary,PROVED ON SUPPORTED FAMILY,9,2,1,4,8,2,n9|p2|q1|k4|b8,1,1,1,1.0271813183333813e-14,0,0,3,1,0,same amount signature exact branch
pw_119,B,Context-Consistent Recoverability Systems,descriptor_pair_fail,descriptor_only_failure_boundary,PROVED ON SUPPORTED FAMILY,9,2,1,4,8,5,n9|p2|q1|k4|b8,1,0,0,5.546010792616132,1,0,8,1,2,same amount signature fail branch
pw_120,C,Augmentation-Completable Recoverability Systems,positive_repair,positive_augmentation_theorem,PROVED ON SUPPORTED FAMILY,9,2,1,4,8,5,n9|p2|q1|k4|b8,1,0,0,5.546010792616132,1,0,8,1,2,local exact/global fail repaired by free shared augmentation
pw_121,D,Descriptor-Lift Recoverability Systems,lift_resolves_descriptor_failure,descriptor_lift_theorem_candidate,PROVED ON SUPPORTED FAMILY,9,2,1,4,8,5,n9|p2|q1|k4|b8,1,0,0,5.546010792616132,1,0,8,1,2,descriptor-only fails; compatibility lift gives defect certificate
pw_122,B,Context-Consistent Recoverability Systems,descriptor_pair_exact,descriptor_only_failure_boundary,PROVED ON SUPPORTED FAMILY,8,2,1,4,8,2,n8|p2|q1|k4|b8,1,1,1,2.3498992183808826e-15,0,0,3,1,0,same amount signature exact branch
pw_123,B,Context-Consistent Recoverability Systems,descriptor_pair_fail,descriptor_only_failure_boundary,PROVED ON SUPPORTED FAMILY,8,2,1,4,8,5,n8|p2|q1|k4|b8,1,0,0,5.848790955830172,1,0,8,1,2,same amount signature fail branch
pw_124,C,Augmentation-Completable Recoverability Systems,positive_repair,positive_augmentation_theorem,PROVED ON SUPPORTED FAMILY,8,2,1,4,8,5,n8|p2|q1|k4|b8,1,0,0,5.848790955830172,1,0,8,1,2,local exact/global fail repaired by free shared augmentation
pw_125,D,Descriptor-Lift Recoverability Systems,lift_resolves_descriptor_failure,descriptor_lift_theorem_candidate,PROVED ON SUPPORTED FAMILY,8,2,1,4,8,5,n8|p2|q1|k4|b8,1,0,0,5.848790955830172,1,0,8,1,2,descriptor-only fails; compatibility lift gives defect certificate
pw_126,B,Context-Consistent Recoverability Systems,descriptor_pair_exact,descriptor_only_failure_boundary,PROVED ON SUPPORTED FAMILY,9,2,1,4,8,2,n9|p2|q1|k4|b8,1,1,1,4.463041323674983e-15,0,0,3,1,0,same amount signature exact branch
pw_127,B,Context-Consistent Recoverability Systems,descriptor_pair_fail,descriptor_only_failure_boundary,PROVED ON SUPPORTED FAMILY,9,2,1,4,8,5,n9|p2|q1|k4|b8,1,0,0,6.45661641865441,1,0,8,1,2,same amount signature fail branch
pw_128,C,Augmentation-Completable Recoverability Systems,positive_repair,positive_augmentation_theorem,PROVED ON SUPPORTED FAMILY,9,2,1,4,8,5,n9|p2|q1|k4|b8,1,0,0,6.45661641865441,1,0,8,1,2,local exact/global fail repaired by free shared augmentation
pw_129,D,Descriptor-Lift Recoverability Systems,lift_resolves_descriptor_failure,descriptor_lift_theorem_candidate,PROVED ON SUPPORTED FAMILY,9,2,1,4,8,5,n9|p2|q1|k4|b8,1,0,0,6.45661641865441,1,0,8,1,2,descriptor-only fails; compatibility lift gives defect certificate
pw_130,B,Context-Consistent Recoverability Systems,descriptor_pair_exact,descriptor_only_failure_boundary,PROVED ON SUPPORTED FAMILY,9,2,1,4,8,2,n9|p2|q1|k4|b8,1,1,1,3.352800008858181e-15,0,0,3,1,0,same amount signature exact branch
pw_131,B,Context-Consistent Recoverability Systems,descriptor_pair_fail,descriptor_only_failure_boundary,PROVED ON SUPPORTED FAMILY,9,2,1,4,8,5,n9|p2|q1|k4|b8,1,0,0,6.202148070950487,1,0,8,1,2,same amount signature fail branch
pw_132,C,Augmentation-Completable Recoverability Systems,positive_repair,positive_augmentation_theorem,PROVED ON SUPPORTED FAMILY,9,2,1,4,8,5,n9|p2|q1|k4|b8,1,0,0,6.202148070950487,1,0,8,1,2,local exact/global fail repaired by free shared augmentation
pw_133,D,Descriptor-Lift Recoverability Systems,lift_resolves_descriptor_failure,descriptor_lift_theorem_candidate,PROVED ON SUPPORTED FAMILY,9,2,1,4,8,5,n9|p2|q1|k4|b8,1,0,0,6.202148070950487,1,0,8,1,2,descriptor-only fails; compatibility lift gives defect certificate
pw_134,B,Context-Consistent Recoverability Systems,descriptor_pair_exact,descriptor_only_failure_boundary,PROVED ON SUPPORTED FAMILY,6,2,1,4,8,2,n6|p2|q1|k4|b8,1,1,1,5.2357345670335654e-15,0,0,3,1,0,same amount signature exact branch
pw_135,B,Context-Consistent Recoverability Systems,descriptor_pair_fail,descriptor_only_failure_boundary,PROVED ON SUPPORTED FAMILY,6,2,1,4,8,5,n6|p2|q1|k4|b8,1,0,0,4.544189147128165,1,0,6,1,2,same amount signature fail branch
pw_136,C,Augmentation-Completable Recoverability Systems,positive_repair,positive_augmentation_theorem,PROVED ON SUPPORTED FAMILY,6,2,1,4,8,5,n6|p2|q1|k4|b8,1,0,0,4.544189147128165,1,0,6,1,2,local exact/global fail repaired by free shared augmentation
pw_137,D,Descriptor-Lift Recoverability Systems,lift_resolves_descriptor_failure,descriptor_lift_theorem_candidate,PROVED ON SUPPORTED FAMILY,6,2,1,4,8,5,n6|p2|q1|k4|b8,1,0,0,4.544189147128165,1,0,6,1,2,descriptor-only fails; compatibility lift gives defect certificate
pw_138,B,Context-Consistent Recoverability Systems,descriptor_pair_exact,descriptor_only_failure_boundary,PROVED ON SUPPORTED FAMILY,6,2,1,3,6,2,n6|p2|q1|k3|b6,1,1,1,1.2817187035862264e-14,0,0,3,1,0,same amount signature exact branch
pw_139,B,Context-Consistent Recoverability Systems,descriptor_pair_fail,descriptor_only_failure_boundary,PROVED ON SUPPORTED FAMILY,6,2,1,3,6,4,n6|p2|q1|k3|b6,1,0,0,5.008834613298892,1,0,6,1,2,same amount signature fail branch
pw_140,C,Augmentation-Completable Recoverability Systems,positive_repair,positive_augmentation_theorem,PROVED ON SUPPORTED FAMILY,6,2,1,3,6,4,n6|p2|q1|k3|b6,1,0,0,5.008834613298892,1,0,6,1,2,local exact/global fail repaired by free shared augmentation
pw_141,D,Descriptor-Lift Recoverability Systems,lift_resolves_descriptor_failure,descriptor_lift_theorem_candidate,PROVED ON SUPPORTED FAMILY,6,2,1,3,6,4,n6|p2|q1|k3|b6,1,0,0,5.008834613298892,1,0,6,1,2,descriptor-only fails; compatibility lift gives defect certificate
pw_142,B,Context-Consistent Recoverability Systems,descriptor_pair_exact,descriptor_only_failure_boundary,PROVED ON SUPPORTED FAMILY,7,2,1,3,6,2,n7|p2|q1|k3|b6,1,1,1,7.806375915130091e-15,0,0,3,1,0,same amount signature exact branch
pw_143,B,Context-Consistent Recoverability Systems,descriptor_pair_fail,descriptor_only_failure_boundary,PROVED ON SUPPORTED FAMILY,7,2,1,3,6,4,n7|p2|q1|k3|b6,1,0,0,4.172220857007974,1,0,7,1,1,same amount signature fail branch
pw_144,C,Augmentation-Completable Recoverability Systems,positive_repair,positive_augmentation_theorem,PROVED ON SUPPORTED FAMILY,7,2,1,3,6,4,n7|p2|q1|k3|b6,1,0,0,4.172220857007974,1,0,7,1,1,local exact/global fail repaired by free shared augmentation
pw_145,D,Descriptor-Lift Recoverability Systems,lift_resolves_descriptor_failure,descriptor_lift_theorem_candidate,PROVED ON SUPPORTED FAMILY,7,2,1,3,6,4,n7|p2|q1|k3|b6,1,0,0,4.172220857007974,1,0,7,1,1,descriptor-only fails; compatibility lift gives defect certificate
pw_146,B,Context-Consistent Recoverability Systems,descriptor_pair_exact,descriptor_only_failure_boundary,PROVED ON SUPPORTED FAMILY,8,2,1,4,8,2,n8|p2|q1|k4|b8,1,1,1,9.368072144568357e-15,0,0,3,1,0,same amount signature exact branch
pw_147,B,Context-Consistent Recoverability Systems,descriptor_pair_fail,descriptor_only_failure_boundary,PROVED ON SUPPORTED FAMILY,8,2,1,4,8,5,n8|p2|q1|k4|b8,1,0,0,6.225964047189022,1,0,8,1,1,same amount signature fail branch
pw_148,C,Augmentation-Completable Recoverability Systems,positive_repair,positive_augmentation_theorem,PROVED ON SUPPORTED FAMILY,8,2,1,4,8,5,n8|p2|q1|k4|b8,1,0,0,6.225964047189022,1,0,8,1,1,local exact/global fail repaired by free shared augmentation
pw_149,D,Descriptor-Lift Recoverability Systems,lift_resolves_descriptor_failure,descriptor_lift_theorem_candidate,PROVED ON SUPPORTED FAMILY,8,2,1,4,8,5,n8|p2|q1|k4|b8,1,0,0,6.225964047189022,1,0,8,1,1,descriptor-only fails; compatibility lift gives defect certificate
pw_150,B,Context-Consistent Recoverability Systems,descriptor_pair_exact,descriptor_only_failure_boundary,PROVED ON SUPPORTED FAMILY,6,2,1,4,8,2,n6|p2|q1|k4|b8,1,1,1,2.2121037052315357e-15,0,0,3,1,0,same amount signature exact branch
pw_151,B,Context-Consistent Recoverability Systems,descriptor_pair_fail,descriptor_only_failure_boundary,PROVED ON SUPPORTED FAMILY,6,2,1,4,8,5,n6|p2|q1|k4|b8,1,0,0,3.7542443824109393,1,0,6,1,1,same amount signature fail branch
pw_152,C,Augmentation-Completable Recoverability Systems,positive_repair,positive_augmentation_theorem,PROVED ON SUPPORTED FAMILY,6,2,1,4,8,5,n6|p2|q1|k4|b8,1,0,0,3.7542443824109393,1,0,6,1,1,local exact/global fail repaired by free shared augmentation
pw_153,D,Descriptor-Lift Recoverability Systems,lift_resolves_descriptor_failure,descriptor_lift_theorem_candidate,PROVED ON SUPPORTED FAMILY,6,2,1,4,8,5,n6|p2|q1|k4|b8,1,0,0,3.7542443824109393,1,0,6,1,1,descriptor-only fails; compatibility lift gives defect certificate
pw_154,B,Context-Consistent Recoverability Systems,descriptor_pair_exact,descriptor_only_failure_boundary,PROVED ON SUPPORTED FAMILY,7,2,1,2,4,2,n7|p2|q1|k2|b4,1,1,1,1.0175362097255202e-15,0,0,3,1,0,same amount signature exact branch
pw_155,B,Context-Consistent Recoverability Systems,descriptor_pair_fail,descriptor_only_failure_boundary,PROVED ON SUPPORTED FAMILY,7,2,1,2,4,3,n7|p2|q1|k2|b4,1,0,0,3.719256083986983,1,0,6,1,2,same amount signature fail branch
pw_156,C,Augmentation-Completable Recoverability Systems,positive_repair,positive_augmentation_theorem,PROVED ON SUPPORTED FAMILY,7,2,1,2,4,3,n7|p2|q1|k2|b4,1,0,0,3.719256083986983,1,0,6,1,2,local exact/global fail repaired by free shared augmentation
pw_157,D,Descriptor-Lift Recoverability Systems,lift_resolves_descriptor_failure,descriptor_lift_theorem_candidate,PROVED ON SUPPORTED FAMILY,7,2,1,2,4,3,n7|p2|q1|k2|b4,1,0,0,3.719256083986983,1,0,6,1,2,descriptor-only fails; compatibility lift gives defect certificate
pw_158,B,Context-Consistent Recoverability Systems,descriptor_pair_exact,descriptor_only_failure_boundary,PROVED ON SUPPORTED FAMILY,6,2,1,3,6,2,n6|p2|q1|k3|b6,1,1,1,7.601582815929793e-15,0,0,3,1,0,same amount signature exact branch
pw_159,B,Context-Consistent Recoverability Systems,descriptor_pair_fail,descriptor_only_failure_boundary,PROVED ON SUPPORTED FAMILY,6,2,1,3,6,4,n6|p2|q1|k3|b6,1,0,0,2.1358569114874446,1,0,6,1,2,same amount signature fail branch
pw_160,C,Augmentation-Completable Recoverability Systems,positive_repair,positive_augmentation_theorem,PROVED ON SUPPORTED FAMILY,6,2,1,3,6,4,n6|p2|q1|k3|b6,1,0,0,2.1358569114874446,1,0,6,1,2,local exact/global fail repaired by free shared augmentation
pw_161,D,Descriptor-Lift Recoverability Systems,lift_resolves_descriptor_failure,descriptor_lift_theorem_candidate,PROVED ON SUPPORTED FAMILY,6,2,1,3,6,4,n6|p2|q1|k3|b6,1,0,0,2.1358569114874446,1,0,6,1,2,descriptor-only fails; compatibility lift gives defect certificate
pw_162,B,Context-Consistent Recoverability Systems,descriptor_pair_exact,descriptor_only_failure_boundary,PROVED ON SUPPORTED FAMILY,6,2,1,2,4,2,n6|p2|q1|k2|b4,1,1,1,4.9848890172662694e-15,0,0,3,1,0,same amount signature exact branch
pw_163,B,Context-Consistent Recoverability Systems,descriptor_pair_fail,descriptor_only_failure_boundary,PROVED ON SUPPORTED FAMILY,6,2,1,2,4,3,n6|p2|q1|k2|b4,1,0,0,1.7992266640639567,1,0,6,1,1,same amount signature fail branch
pw_164,C,Augmentation-Completable Recoverability Systems,positive_repair,positive_augmentation_theorem,PROVED ON SUPPORTED FAMILY,6,2,1,2,4,3,n6|p2|q1|k2|b4,1,0,0,1.7992266640639567,1,0,6,1,1,local exact/global fail repaired by free shared augmentation
pw_165,D,Descriptor-Lift Recoverability Systems,lift_resolves_descriptor_failure,descriptor_lift_theorem_candidate,PROVED ON SUPPORTED FAMILY,6,2,1,2,4,3,n6|p2|q1|k2|b4,1,0,0,1.7992266640639567,1,0,6,1,1,descriptor-only fails; compatibility lift gives defect certificate
pw_166,B,Context-Consistent Recoverability Systems,descriptor_pair_exact,descriptor_only_failure_boundary,PROVED ON SUPPORTED FAMILY,8,2,1,3,6,2,n8|p2|q1|k3|b6,1,1,1,3.756755865433588e-15,0,0,3,1,0,same amount signature exact branch
pw_167,B,Context-Consistent Recoverability Systems,descriptor_pair_fail,descriptor_only_failure_boundary,PROVED ON SUPPORTED FAMILY,8,2,1,3,6,4,n8|p2|q1|k3|b6,1,0,0,3.6734040124392853,1,0,7,1,1,same amount signature fail branch
pw_168,C,Augmentation-Completable Recoverability Systems,positive_repair,positive_augmentation_theorem,PROVED ON SUPPORTED FAMILY,8,2,1,3,6,4,n8|p2|q1|k3|b6,1,0,0,3.6734040124392853,1,0,7,1,1,local exact/global fail repaired by free shared augmentation
pw_169,D,Descriptor-Lift Recoverability Systems,lift_resolves_descriptor_failure,descriptor_lift_theorem_candidate,PROVED ON SUPPORTED FAMILY,8,2,1,3,6,4,n8|p2|q1|k3|b6,1,0,0,3.6734040124392853,1,0,7,1,1,descriptor-only fails; compatibility lift gives defect certificate
pw_170,B,Context-Consistent Recoverability Systems,descriptor_pair_exact,descriptor_only_failure_boundary,PROVED ON SUPPORTED FAMILY,7,2,1,3,6,2,n7|p2|q1|k3|b6,1,1,1,3.3820826609804605e-15,0,0,3,1,0,same amount signature exact branch
pw_171,B,Context-Consistent Recoverability Systems,descriptor_pair_fail,descriptor_only_failure_boundary,PROVED ON SUPPORTED FAMILY,7,2,1,3,6,4,n7|p2|q1|k3|b6,1,0,0,3.7318286270388445,1,0,7,1,2,same amount signature fail branch
pw_172,C,Augmentation-Completable Recoverability Systems,positive_repair,positive_augmentation_theorem,PROVED ON SUPPORTED FAMILY,7,2,1,3,6,4,n7|p2|q1|k3|b6,1,0,0,3.7318286270388445,1,0,7,1,2,local exact/global fail repaired by free shared augmentation
pw_173,D,Descriptor-Lift Recoverability Systems,lift_resolves_descriptor_failure,descriptor_lift_theorem_candidate,PROVED ON SUPPORTED FAMILY,7,2,1,3,6,4,n7|p2|q1|k3|b6,1,0,0,3.7318286270388445,1,0,7,1,2,descriptor-only fails; compatibility lift gives defect certificate
pw_174,B,Context-Consistent Recoverability Systems,descriptor_pair_exact,descriptor_only_failure_boundary,PROVED ON SUPPORTED FAMILY,7,2,1,3,6,2,n7|p2|q1|k3|b6,1,1,1,2.3914935841127266e-15,0,0,3,1,0,same amount signature exact branch
pw_175,B,Context-Consistent Recoverability Systems,descriptor_pair_fail,descriptor_only_failure_boundary,PROVED ON SUPPORTED FAMILY,7,2,1,3,6,4,n7|p2|q1|k3|b6,1,0,0,2.9288770937055526,1,0,7,1,1,same amount signature fail branch
pw_176,C,Augmentation-Completable Recoverability Systems,positive_repair,positive_augmentation_theorem,PROVED ON SUPPORTED FAMILY,7,2,1,3,6,4,n7|p2|q1|k3|b6,1,0,0,2.9288770937055526,1,0,7,1,1,local exact/global fail repaired by free shared augmentation
pw_177,D,Descriptor-Lift Recoverability Systems,lift_resolves_descriptor_failure,descriptor_lift_theorem_candidate,PROVED ON SUPPORTED FAMILY,7,2,1,3,6,4,n7|p2|q1|k3|b6,1,0,0,2.9288770937055526,1,0,7,1,1,descriptor-only fails; compatibility lift gives defect certificate
pw_178,B,Context-Consistent Recoverability Systems,descriptor_pair_exact,descriptor_only_failure_boundary,PROVED ON SUPPORTED FAMILY,6,2,1,3,6,2,n6|p2|q1|k3|b6,1,1,1,1.7763568394002505e-15,0,0,3,1,0,same amount signature exact branch
pw_179,B,Context-Consistent Recoverability Systems,descriptor_pair_fail,descriptor_only_failure_boundary,PROVED ON SUPPORTED FAMILY,6,2,1,3,6,4,n6|p2|q1|k3|b6,1,0,0,4.148171368460424,1,0,6,1,1,same amount signature fail branch
pw_180,C,Augmentation-Completable Recoverability Systems,positive_repair,positive_augmentation_theorem,PROVED ON SUPPORTED FAMILY,6,2,1,3,6,4,n6|p2|q1|k3|b6,1,0,0,4.148171368460424,1,0,6,1,1,local exact/global fail repaired by free shared augmentation
pw_181,D,Descriptor-Lift Recoverability Systems,lift_resolves_descriptor_failure,descriptor_lift_theorem_candidate,PROVED ON SUPPORTED FAMILY,6,2,1,3,6,4,n6|p2|q1|k3|b6,1,0,0,4.148171368460424,1,0,6,1,1,descriptor-only fails; compatibility lift gives defect certificate
pw_182,B,Context-Consistent Recoverability Systems,descriptor_pair_exact,descriptor_only_failure_boundary,PROVED ON SUPPORTED FAMILY,6,2,1,3,6,2,n6|p2|q1|k3|b6,1,1,1,1.0877919644084146e-15,0,0,3,1,0,same amount signature exact branch
pw_183,B,Context-Consistent Recoverability Systems,descriptor_pair_fail,descriptor_only_failure_boundary,PROVED ON SUPPORTED FAMILY,6,2,1,3,6,4,n6|p2|q1|k3|b6,1,0,0,5.928605355580942,1,0,6,1,1,same amount signature fail branch
pw_184,C,Augmentation-Completable Recoverability Systems,positive_repair,positive_augmentation_theorem,PROVED ON SUPPORTED FAMILY,6,2,1,3,6,4,n6|p2|q1|k3|b6,1,0,0,5.928605355580942,1,0,6,1,1,local exact/global fail repaired by free shared augmentation
pw_185,D,Descriptor-Lift Recoverability Systems,lift_resolves_descriptor_failure,descriptor_lift_theorem_candidate,PROVED ON SUPPORTED FAMILY,6,2,1,3,6,4,n6|p2|q1|k3|b6,1,0,0,5.928605355580942,1,0,6,1,1,descriptor-only fails; compatibility lift gives defect certificate
pw_186,B,Context-Consistent Recoverability Systems,descriptor_pair_exact,descriptor_only_failure_boundary,PROVED ON SUPPORTED FAMILY,6,2,1,2,4,2,n6|p2|q1|k2|b4,1,1,1,2.673771110915334e-15,0,0,3,1,0,same amount signature exact branch
pw_187,B,Context-Consistent Recoverability Systems,descriptor_pair_fail,descriptor_only_failure_boundary,PROVED ON SUPPORTED FAMILY,6,2,1,2,4,3,n6|p2|q1|k2|b4,1,0,0,6.431750655931759,1,0,6,1,2,same amount signature fail branch
pw_188,C,Augmentation-Completable Recoverability Systems,positive_repair,positive_augmentation_theorem,PROVED ON SUPPORTED FAMILY,6,2,1,2,4,3,n6|p2|q1|k2|b4,1,0,0,6.431750655931759,1,0,6,1,2,local exact/global fail repaired by free shared augmentation
pw_189,D,Descriptor-Lift Recoverability Systems,lift_resolves_descriptor_failure,descriptor_lift_theorem_candidate,PROVED ON SUPPORTED FAMILY,6,2,1,2,4,3,n6|p2|q1|k2|b4,1,0,0,6.431750655931759,1,0,6,1,2,descriptor-only fails; compatibility lift gives defect certificate
pw_190,B,Context-Consistent Recoverability Systems,descriptor_pair_exact,descriptor_only_failure_boundary,PROVED ON SUPPORTED FAMILY,7,2,1,4,8,2,n7|p2|q1|k4|b8,1,1,1,1.7763568394002505e-15,0,0,3,1,0,same amount signature exact branch
pw_191,B,Context-Consistent Recoverability Systems,descriptor_pair_fail,descriptor_only_failure_boundary,PROVED ON SUPPORTED FAMILY,7,2,1,4,8,5,n7|p2|q1|k4|b8,1,0,0,4.611115375236571,1,0,7,1,2,same amount signature fail branch
pw_192,C,Augmentation-Completable Recoverability Systems,positive_repair,positive_augmentation_theorem,PROVED ON SUPPORTED FAMILY,7,2,1,4,8,5,n7|p2|q1|k4|b8,1,0,0,4.611115375236571,1,0,7,1,2,local exact/global fail repaired by free shared augmentation
pw_193,D,Descriptor-Lift Recoverability Systems,lift_resolves_descriptor_failure,descriptor_lift_theorem_candidate,PROVED ON SUPPORTED FAMILY,7,2,1,4,8,5,n7|p2|q1|k4|b8,1,0,0,4.611115375236571,1,0,7,1,2,descriptor-only fails; compatibility lift gives defect certificate
pw_194,B,Context-Consistent Recoverability Systems,descriptor_pair_exact,descriptor_only_failure_boundary,PROVED ON SUPPORTED FAMILY,6,2,1,3,6,2,n6|p2|q1|k3|b6,1,1,1,1.7342238036525468e-15,0,0,3,1,0,same amount signature exact branch
pw_195,B,Context-Consistent Recoverability Systems,descriptor_pair_fail,descriptor_only_failure_boundary,PROVED ON SUPPORTED FAMILY,6,2,1,3,6,4,n6|p2|q1|k3|b6,1,0,0,3.4172812461441566,1,0,6,1,1,same amount signature fail branch
pw_196,C,Augmentation-Completable Recoverability Systems,positive_repair,positive_augmentation_theorem,PROVED ON SUPPORTED FAMILY,6,2,1,3,6,4,n6|p2|q1|k3|b6,1,0,0,3.4172812461441566,1,0,6,1,1,local exact/global fail repaired by free shared augmentation
pw_197,D,Descriptor-Lift Recoverability Systems,lift_resolves_descriptor_failure,descriptor_lift_theorem_candidate,PROVED ON SUPPORTED FAMILY,6,2,1,3,6,4,n6|p2|q1|k3|b6,1,0,0,3.4172812461441566,1,0,6,1,1,descriptor-only fails; compatibility lift gives defect certificate
pw_198,B,Context-Consistent Recoverability Systems,descriptor_pair_exact,descriptor_only_failure_boundary,PROVED ON SUPPORTED FAMILY,7,2,1,3,6,2,n7|p2|q1|k3|b6,1,1,1,2.560743305106871e-15,0,0,3,1,0,same amount signature exact branch
pw_199,B,Context-Consistent Recoverability Systems,descriptor_pair_fail,descriptor_only_failure_boundary,PROVED ON SUPPORTED FAMILY,7,2,1,3,6,4,n7|p2|q1|k3|b6,1,0,0,4.440976090464219,1,0,7,1,2,same amount signature fail branch
pw_200,C,Augmentation-Completable Recoverability Systems,positive_repair,positive_augmentation_theorem,PROVED ON SUPPORTED FAMILY,7,2,1,3,6,4,n7|p2|q1|k3|b6,1,0,0,4.440976090464219,1,0,7,1,2,local exact/global fail repaired by free shared augmentation
pw_201,D,Descriptor-Lift Recoverability Systems,lift_resolves_descriptor_failure,descriptor_lift_theorem_candidate,PROVED ON SUPPORTED FAMILY,7,2,1,3,6,4,n7|p2|q1|k3|b6,1,0,0,4.440976090464219,1,0,7,1,2,descriptor-only fails; compatibility lift gives defect certificate
pw_202,B,Context-Consistent Recoverability Systems,descriptor_pair_exact,descriptor_only_failure_boundary,PROVED ON SUPPORTED FAMILY,6,2,1,4,8,2,n6|p2|q1|k4|b8,1,1,1,3.66205343881779e-15,0,0,3,1,0,same amount signature exact branch
pw_203,B,Context-Consistent Recoverability Systems,descriptor_pair_fail,descriptor_only_failure_boundary,PROVED ON SUPPORTED FAMILY,6,2,1,4,8,5,n6|p2|q1|k4|b8,1,0,0,5.281855632734709,1,0,6,1,2,same amount signature fail branch
pw_204,C,Augmentation-Completable Recoverability Systems,positive_repair,positive_augmentation_theorem,PROVED ON SUPPORTED FAMILY,6,2,1,4,8,5,n6|p2|q1|k4|b8,1,0,0,5.281855632734709,1,0,6,1,2,local exact/global fail repaired by free shared augmentation
pw_205,D,Descriptor-Lift Recoverability Systems,lift_resolves_descriptor_failure,descriptor_lift_theorem_candidate,PROVED ON SUPPORTED FAMILY,6,2,1,4,8,5,n6|p2|q1|k4|b8,1,0,0,5.281855632734709,1,0,6,1,2,descriptor-only fails; compatibility lift gives defect certificate
pw_206,B,Context-Consistent Recoverability Systems,descriptor_pair_exact,descriptor_only_failure_boundary,PROVED ON SUPPORTED FAMILY,8,2,1,4,8,2,n8|p2|q1|k4|b8,1,1,1,4.224686731655424e-15,0,0,3,1,0,same amount signature exact branch
pw_207,B,Context-Consistent Recoverability Systems,descriptor_pair_fail,descriptor_only_failure_boundary,PROVED ON SUPPORTED FAMILY,8,2,1,4,8,5,n8|p2|q1|k4|b8,1,0,0,5.770849671170569,1,0,8,1,1,same amount signature fail branch
pw_208,C,Augmentation-Completable Recoverability Systems,positive_repair,positive_augmentation_theorem,PROVED ON SUPPORTED FAMILY,8,2,1,4,8,5,n8|p2|q1|k4|b8,1,0,0,5.770849671170569,1,0,8,1,1,local exact/global fail repaired by free shared augmentation
pw_209,D,Descriptor-Lift Recoverability Systems,lift_resolves_descriptor_failure,descriptor_lift_theorem_candidate,PROVED ON SUPPORTED FAMILY,8,2,1,4,8,5,n8|p2|q1|k4|b8,1,0,0,5.770849671170569,1,0,8,1,1,descriptor-only fails; compatibility lift gives defect certificate
pw_210,B,Context-Consistent Recoverability Systems,descriptor_pair_exact,descriptor_only_failure_boundary,PROVED ON SUPPORTED FAMILY,9,2,1,4,8,2,n9|p2|q1|k4|b8,1,1,1,2.7910574051884874e-15,0,0,3,1,0,same amount signature exact branch
pw_211,B,Context-Consistent Recoverability Systems,descriptor_pair_fail,descriptor_only_failure_boundary,PROVED ON SUPPORTED FAMILY,9,2,1,4,8,5,n9|p2|q1|k4|b8,1,0,0,5.561412367883669,1,0,8,1,1,same amount signature fail branch
pw_212,C,Augmentation-Completable Recoverability Systems,positive_repair,positive_augmentation_theorem,PROVED ON SUPPORTED FAMILY,9,2,1,4,8,5,n9|p2|q1|k4|b8,1,0,0,5.561412367883669,1,0,8,1,1,local exact/global fail repaired by free shared augmentation
pw_213,D,Descriptor-Lift Recoverability Systems,lift_resolves_descriptor_failure,descriptor_lift_theorem_candidate,PROVED ON SUPPORTED FAMILY,9,2,1,4,8,5,n9|p2|q1|k4|b8,1,0,0,5.561412367883669,1,0,8,1,1,descriptor-only fails; compatibility lift gives defect certificate
pw_214,B,Context-Consistent Recoverability Systems,descriptor_pair_exact,descriptor_only_failure_boundary,PROVED ON SUPPORTED FAMILY,9,2,1,4,8,2,n9|p2|q1|k4|b8,1,1,1,3.3158330576972436e-15,0,0,3,1,0,same amount signature exact branch
pw_215,B,Context-Consistent Recoverability Systems,descriptor_pair_fail,descriptor_only_failure_boundary,PROVED ON SUPPORTED FAMILY,9,2,1,4,8,5,n9|p2|q1|k4|b8,1,0,0,7.502788718019259,1,0,8,1,2,same amount signature fail branch
pw_216,C,Augmentation-Completable Recoverability Systems,positive_repair,positive_augmentation_theorem,PROVED ON SUPPORTED FAMILY,9,2,1,4,8,5,n9|p2|q1|k4|b8,1,0,0,7.502788718019259,1,0,8,1,2,local exact/global fail repaired by free shared augmentation
pw_217,D,Descriptor-Lift Recoverability Systems,lift_resolves_descriptor_failure,descriptor_lift_theorem_candidate,PROVED ON SUPPORTED FAMILY,9,2,1,4,8,5,n9|p2|q1|k4|b8,1,0,0,7.502788718019259,1,0,8,1,2,descriptor-only fails; compatibility lift gives defect certificate
pw_218,B,Context-Consistent Recoverability Systems,descriptor_pair_exact,descriptor_only_failure_boundary,PROVED ON SUPPORTED FAMILY,8,2,1,3,6,2,n8|p2|q1|k3|b6,1,1,1,3.794299872214038e-15,0,0,3,1,0,same amount signature exact branch
pw_219,B,Context-Consistent Recoverability Systems,descriptor_pair_fail,descriptor_only_failure_boundary,PROVED ON SUPPORTED FAMILY,8,2,1,3,6,4,n8|p2|q1|k3|b6,1,0,0,6.02873553196592,1,0,7,1,1,same amount signature fail branch
pw_220,C,Augmentation-Completable Recoverability Systems,positive_repair,positive_augmentation_theorem,PROVED ON SUPPORTED FAMILY,8,2,1,3,6,4,n8|p2|q1|k3|b6,1,0,0,6.02873553196592,1,0,7,1,1,local exact/global fail repaired by free shared augmentation
pw_221,D,Descriptor-Lift Recoverability Systems,lift_resolves_descriptor_failure,descriptor_lift_theorem_candidate,PROVED ON SUPPORTED FAMILY,8,2,1,3,6,4,n8|p2|q1|k3|b6,1,0,0,6.02873553196592,1,0,7,1,1,descriptor-only fails; compatibility lift gives defect certificate
pw_222,B,Context-Consistent Recoverability Systems,descriptor_pair_exact,descriptor_only_failure_boundary,PROVED ON SUPPORTED FAMILY,6,2,1,3,6,2,n6|p2|q1|k3|b6,1,1,1,1.616509124176106e-15,0,0,3,1,0,same amount signature exact branch
pw_223,B,Context-Consistent Recoverability Systems,descriptor_pair_fail,descriptor_only_failure_boundary,PROVED ON SUPPORTED FAMILY,6,2,1,3,6,4,n6|p2|q1|k3|b6,1,0,0,4.87290245400614,1,0,6,1,1,same amount signature fail branch
pw_224,C,Augmentation-Completable Recoverability Systems,positive_repair,positive_augmentation_theorem,PROVED ON SUPPORTED FAMILY,6,2,1,3,6,4,n6|p2|q1|k3|b6,1,0,0,4.87290245400614,1,0,6,1,1,local exact/global fail repaired by free shared augmentation
pw_225,D,Descriptor-Lift Recoverability Systems,lift_resolves_descriptor_failure,descriptor_lift_theorem_candidate,PROVED ON SUPPORTED FAMILY,6,2,1,3,6,4,n6|p2|q1|k3|b6,1,0,0,4.87290245400614,1,0,6,1,1,descriptor-only fails; compatibility lift gives defect certificate
pw_226,B,Context-Consistent Recoverability Systems,descriptor_pair_exact,descriptor_only_failure_boundary,PROVED ON SUPPORTED FAMILY,6,2,1,4,8,2,n6|p2|q1|k4|b8,1,1,1,6.0647044203266556e-15,0,0,3,1,0,same amount signature exact branch
pw_227,B,Context-Consistent Recoverability Systems,descriptor_pair_fail,descriptor_only_failure_boundary,PROVED ON SUPPORTED FAMILY,6,2,1,4,8,5,n6|p2|q1|k4|b8,1,0,0,4.832289132809351,1,0,6,1,2,same amount signature fail branch
pw_228,C,Augmentation-Completable Recoverability Systems,positive_repair,positive_augmentation_theorem,PROVED ON SUPPORTED FAMILY,6,2,1,4,8,5,n6|p2|q1|k4|b8,1,0,0,4.832289132809351,1,0,6,1,2,local exact/global fail repaired by free shared augmentation
pw_229,D,Descriptor-Lift Recoverability Systems,lift_resolves_descriptor_failure,descriptor_lift_theorem_candidate,PROVED ON SUPPORTED FAMILY,6,2,1,4,8,5,n6|p2|q1|k4|b8,1,0,0,4.832289132809351,1,0,6,1,2,descriptor-only fails; compatibility lift gives defect certificate
pw_230,B,Context-Consistent Recoverability Systems,descriptor_pair_exact,descriptor_only_failure_boundary,PROVED ON SUPPORTED FAMILY,9,2,1,3,6,2,n9|p2|q1|k3|b6,1,1,1,0.0,0,0,3,1,0,same amount signature exact branch
pw_231,B,Context-Consistent Recoverability Systems,descriptor_pair_fail,descriptor_only_failure_boundary,PROVED ON SUPPORTED FAMILY,9,2,1,3,6,4,n9|p2|q1|k3|b6,1,0,0,4.767433516449009,1,0,7,1,2,same amount signature fail branch
pw_232,C,Augmentation-Completable Recoverability Systems,positive_repair,positive_augmentation_theorem,PROVED ON SUPPORTED FAMILY,9,2,1,3,6,4,n9|p2|q1|k3|b6,1,0,0,4.767433516449009,1,0,7,1,2,local exact/global fail repaired by free shared augmentation
pw_233,D,Descriptor-Lift Recoverability Systems,lift_resolves_descriptor_failure,descriptor_lift_theorem_candidate,PROVED ON SUPPORTED FAMILY,9,2,1,3,6,4,n9|p2|q1|k3|b6,1,0,0,4.767433516449009,1,0,7,1,2,descriptor-only fails; compatibility lift gives defect certificate
pw_234,B,Context-Consistent Recoverability Systems,descriptor_pair_exact,descriptor_only_failure_boundary,PROVED ON SUPPORTED FAMILY,7,2,1,3,6,2,n7|p2|q1|k3|b6,1,1,1,0.0,0,0,3,1,0,same amount signature exact branch
pw_235,B,Context-Consistent Recoverability Systems,descriptor_pair_fail,descriptor_only_failure_boundary,PROVED ON SUPPORTED FAMILY,7,2,1,3,6,4,n7|p2|q1|k3|b6,1,0,0,4.269770828123428,1,0,7,1,2,same amount signature fail branch
pw_236,C,Augmentation-Completable Recoverability Systems,positive_repair,positive_augmentation_theorem,PROVED ON SUPPORTED FAMILY,7,2,1,3,6,4,n7|p2|q1|k3|b6,1,0,0,4.269770828123428,1,0,7,1,2,local exact/global fail repaired by free shared augmentation
pw_237,D,Descriptor-Lift Recoverability Systems,lift_resolves_descriptor_failure,descriptor_lift_theorem_candidate,PROVED ON SUPPORTED FAMILY,7,2,1,3,6,4,n7|p2|q1|k3|b6,1,0,0,4.269770828123428,1,0,7,1,2,descriptor-only fails; compatibility lift gives defect certificate
pw_238,B,Context-Consistent Recoverability Systems,descriptor_pair_exact,descriptor_only_failure_boundary,PROVED ON SUPPORTED FAMILY,9,2,1,4,8,2,n9|p2|q1|k4|b8,1,1,1,2.9790409838967277e-15,0,0,3,1,0,same amount signature exact branch
pw_239,B,Context-Consistent Recoverability Systems,descriptor_pair_fail,descriptor_only_failure_boundary,PROVED ON SUPPORTED FAMILY,9,2,1,4,8,5,n9|p2|q1|k4|b8,1,0,0,7.1913450599420985,1,0,8,1,2,same amount signature fail branch
pw_240,C,Augmentation-Completable Recoverability Systems,positive_repair,positive_augmentation_theorem,PROVED ON SUPPORTED FAMILY,9,2,1,4,8,5,n9|p2|q1|k4|b8,1,0,0,7.1913450599420985,1,0,8,1,2,local exact/global fail repaired by free shared augmentation
pw_241,D,Descriptor-Lift Recoverability Systems,lift_resolves_descriptor_failure,descriptor_lift_theorem_candidate,PROVED ON SUPPORTED FAMILY,9,2,1,4,8,5,n9|p2|q1|k4|b8,1,0,0,7.1913450599420985,1,0,8,1,2,descriptor-only fails; compatibility lift gives defect certificate
pw_242,B,Context-Consistent Recoverability Systems,descriptor_pair_exact,descriptor_only_failure_boundary,PROVED ON SUPPORTED FAMILY,6,2,1,3,6,2,n6|p2|q1|k3|b6,1,1,1,1.6653345369377348e-15,0,0,3,1,0,same amount signature exact branch
pw_243,B,Context-Consistent Recoverability Systems,descriptor_pair_fail,descriptor_only_failure_boundary,PROVED ON SUPPORTED FAMILY,6,2,1,3,6,4,n6|p2|q1|k3|b6,1,0,0,4.528357286305271,1,0,6,1,2,same amount signature fail branch
pw_244,C,Augmentation-Completable Recoverability Systems,positive_repair,positive_augmentation_theorem,PROVED ON SUPPORTED FAMILY,6,2,1,3,6,4,n6|p2|q1|k3|b6,1,0,0,4.528357286305271,1,0,6,1,2,local exact/global fail repaired by free shared augmentation
pw_245,D,Descriptor-Lift Recoverability Systems,lift_resolves_descriptor_failure,descriptor_lift_theorem_candidate,PROVED ON SUPPORTED FAMILY,6,2,1,3,6,4,n6|p2|q1|k3|b6,1,0,0,4.528357286305271,1,0,6,1,2,descriptor-only fails; compatibility lift gives defect certificate
pw_246,B,Context-Consistent Recoverability Systems,descriptor_pair_exact,descriptor_only_failure_boundary,PROVED ON SUPPORTED FAMILY,6,2,1,2,4,2,n6|p2|q1|k2|b4,1,1,1,8.981148454337477e-15,0,0,3,1,0,same amount signature exact branch
pw_247,B,Context-Consistent Recoverability Systems,descriptor_pair_fail,descriptor_only_failure_boundary,PROVED ON SUPPORTED FAMILY,6,2,1,2,4,3,n6|p2|q1|k2|b4,1,0,0,3.082383625585833,1,0,6,1,1,same amount signature fail branch
pw_248,C,Augmentation-Completable Recoverability Systems,positive_repair,positive_augmentation_theorem,PROVED ON SUPPORTED FAMILY,6,2,1,2,4,3,n6|p2|q1|k2|b4,1,0,0,3.082383625585833,1,0,6,1,1,local exact/global fail repaired by free shared augmentation
pw_249,D,Descriptor-Lift Recoverability Systems,lift_resolves_descriptor_failure,descriptor_lift_theorem_candidate,PROVED ON SUPPORTED FAMILY,6,2,1,2,4,3,n6|p2|q1|k2|b4,1,0,0,3.082383625585833,1,0,6,1,1,descriptor-only fails; compatibility lift gives defect certificate
pw_250,E,Model-Consistent Architecture Boundary,boundary_marker,mismatch_boundary,PROVED ON SUPPORTED FAMILY,9,2,1,3,6,2,n9|p2|q1|k3|b6,1,1,1,4.440892098500626e-15,0,0,3,1,0,see counterexample catalog for mismatch failures
pw_251,F,Family-Enlargement Boundary,boundary_marker,enlargement_fragility_boundary,PROVED ON SUPPORTED FAMILY,8,2,1,3,6,2,n8|p2|q1|k3|b6,1,1,1,1.6050308076832566e-15,0,0,3,1,0,see counterexample catalog for enlargement failures
pw_252,G,Nonlinear Extension Boundary,boundary_marker,nonlinear_extension_boundary,OPEN,1,1,1,1,1,1,n1|p1|q1|k1|b1,1,0,0,,,,,0,,nonlinear witness class tracked in counterexample catalog
