formation_id,route,n,pre_m,post_m,pre_rank,post_rank,pre_exact,post_exact,pre_dls,post_dls,pre_alignment,post_alignment,new_structure_flag,recoverability_change,notes
form_2470,constraint_generation,5,2,3,2,3,0,1,1.0,0.0,0.11898975,1.0,1,1,
form_2471,constraint_generation,5,2,3,2,3,0,1,0.88888889,0.0,0.06458565,1.0,1,1,
form_2472,constraint_generation,5,2,3,2,3,0,1,1.0,0.0,0.10726142,1.0,1,1,
form_2473,constraint_generation,5,2,3,2,3,0,1,0.11111111,0.0,0.45227744,1.0,1,1,
form_2474,constraint_generation,5,2,3,2,3,0,1,1.0,0.0,0.21092364,1.0,1,1,
form_2475,constraint_generation,5,2,3,2,3,0,1,1.0,0.0,0.07875942,1.0,1,1,
form_2476,constraint_generation,5,2,3,2,3,0,1,1.0,0.0,0.20886203,1.0,1,1,
form_2477,constraint_generation,5,2,3,2,3,0,1,0.33333333,0.0,0.0171099,1.0,1,1,
form_2478,constraint_generation,5,2,3,2,3,0,1,1.0,0.0,0.0322666,1.0,1,1,
form_2479,constraint_generation,5,2,3,2,3,0,1,1.0,0.0,0.08020016,1.0,1,1,
form_2480,constraint_generation,5,2,3,2,3,0,1,1.0,0.0,0.34299568,1.0,1,1,
form_2481,constraint_generation,5,2,3,2,3,0,1,1.0,0.0,0.11993761,1.0,1,1,
form_2482,constraint_generation,5,2,3,2,3,0,1,0.0,0.0,0.86503728,1.0,1,1,
form_2483,constraint_generation,5,2,3,2,3,0,1,0.0,0.0,0.49382893,1.0,1,1,
form_2484,constraint_generation,5,2,3,2,3,0,1,0.5,0.0,0.02014595,1.0,1,1,
form_2485,constraint_generation,5,2,3,2,3,0,1,0.9,0.0,0.29054011,1.0,1,1,
form_2486,constraint_generation,5,2,3,2,3,0,1,1.0,0.0,0.19115064,1.0,1,1,
form_2487,constraint_generation,5,2,3,2,3,0,1,0.33333333,0.0,0.71842605,1.0,1,1,
form_2488,constraint_generation,5,2,3,2,3,0,1,1.0,0.0,0.56047546,1.0,1,1,
form_2489,constraint_generation,5,2,3,2,3,0,1,1.0,0.0,0.26373971,1.0,1,1,
form_2490,constraint_generation,5,2,3,2,3,0,1,0.9,0.0,0.01481563,1.0,1,1,
form_2491,constraint_generation,5,2,3,2,3,0,1,1.0,0.0,0.26401993,1.0,1,1,
form_2492,constraint_generation,5,2,3,2,3,0,1,1.0,0.0,0.0913849,1.0,1,1,
form_2493,constraint_generation,5,2,3,2,3,0,1,0.0,0.0,0.27942331,1.0,1,1,
form_2494,constraint_generation,5,2,3,2,3,0,1,1.0,0.0,0.21937525,1.0,1,1,
form_2495,constraint_generation,5,2,3,2,3,0,1,1.0,0.0,0.66302357,1.0,1,1,
form_2496,constraint_generation,5,2,3,2,3,0,1,1.0,0.0,0.11237464,1.0,1,1,
form_2497,constraint_generation,5,2,3,2,3,0,1,1.0,0.0,0.18007994,1.0,1,1,
form_2498,constraint_generation,5,2,3,2,3,0,1,1.0,0.0,0.134214,1.0,1,1,
form_2499,constraint_generation,5,2,3,2,3,0,1,1.0,0.0,0.41098491,1.0,1,1,
form_2500,constraint_generation,5,2,3,2,3,0,1,0.0,0.0,0.73608384,1.0,1,1,
form_2501,constraint_generation,5,2,3,2,3,0,1,0.8,0.0,0.13835956,1.0,1,1,
form_2502,constraint_generation,5,2,3,2,3,0,1,0.66666667,0.0,0.37123229,1.0,1,1,
form_2503,constraint_generation,5,2,3,2,3,0,1,0.9,0.0,0.08605574,1.0,1,1,
form_2504,constraint_generation,5,2,3,2,3,0,1,0.0,0.0,0.5635068,1.0,1,1,
form_2505,constraint_generation,5,2,3,2,3,0,1,1.0,0.0,0.49961612,1.0,1,1,
form_2506,constraint_generation,5,2,3,2,3,0,1,0.0,0.0,0.87248466,1.0,1,1,
form_2507,constraint_generation,5,2,3,2,3,0,1,1.0,0.0,0.20227596,1.0,1,1,
form_2508,constraint_generation,5,2,3,2,3,0,1,1.0,0.0,0.01746859,1.0,1,1,
form_2509,constraint_generation,5,2,3,2,3,0,1,1.0,0.0,0.03021848,1.0,1,1,
form_2510,constraint_generation,5,2,3,2,3,0,1,1.0,0.0,0.08364387,1.0,1,1,
form_2511,constraint_generation,5,2,3,2,3,0,1,0.33333333,0.0,0.02906393,1.0,1,1,
form_2512,constraint_generation,5,2,3,2,3,0,1,1.0,0.0,0.34615107,1.0,1,1,
form_2513,constraint_generation,5,2,3,2,3,0,1,1.0,0.0,0.48893908,1.0,1,1,
form_2514,constraint_generation,5,2,3,2,3,0,1,0.0,0.0,0.3111428,1.0,1,1,
form_2515,constraint_generation,5,2,3,2,3,0,1,1.0,0.0,0.15509004,1.0,1,1,
form_2516,constraint_generation,5,2,3,2,3,0,1,0.75,0.0,0.05600369,1.0,1,1,
form_2517,constraint_generation,5,2,3,2,3,0,1,1.0,0.0,0.01845778,1.0,1,1,
form_2518,constraint_generation,5,2,3,2,3,0,1,1.0,0.0,0.11713999,1.0,1,1,
form_2519,constraint_generation,5,2,3,2,3,0,1,1.0,0.0,0.20702104,1.0,1,1,
form_2520,constraint_generation,5,2,3,2,3,0,1,1.0,0.0,0.75510605,1.0,1,1,
form_2521,constraint_generation,5,2,3,2,3,0,1,0.0,0.0,0.23969804,1.0,1,1,
form_2522,constraint_generation,5,2,3,2,3,0,1,0.0,0.0,0.17963967,1.0,1,1,
form_2523,constraint_generation,5,2,3,2,3,0,1,1.0,0.0,0.04617475,1.0,1,1,
form_2524,constraint_generation,5,2,3,2,3,0,1,1.0,0.0,0.01362789,1.0,1,1,
form_2525,constraint_generation,5,2,3,2,3,0,1,0.42857143,0.0,0.38762756,1.0,1,1,
form_2526,constraint_generation,5,2,3,2,3,0,1,1.0,0.0,0.03728028,1.0,1,1,
form_2527,constraint_generation,5,2,3,2,3,0,1,0.0,0.0,0.06918865,1.0,1,1,
form_2528,constraint_generation,5,2,3,2,3,0,1,0.0,0.0,0.15996406,1.0,1,1,
form_2529,constraint_generation,5,2,3,2,3,0,1,1.0,0.0,0.19349986,1.0,1,1,
form_2530,constraint_generation,5,2,3,2,3,0,1,0.11111111,0.0,0.11957514,1.0,1,1,
form_2531,constraint_generation,5,2,3,2,3,0,1,1.0,0.0,0.022225,1.0,1,1,
form_2532,constraint_generation,5,2,3,2,3,0,1,0.2,0.0,0.51010205,1.0,1,1,
form_2533,constraint_generation,5,2,3,2,3,0,1,1.0,0.0,0.16191829,1.0,1,1,
form_2534,constraint_generation,5,2,3,2,3,0,1,0.8,0.0,0.44098301,1.0,1,1,
form_2535,constraint_generation,5,2,3,2,3,0,1,1.0,0.0,0.07536761,1.0,1,1,
form_2536,constraint_generation,5,2,3,2,3,0,1,1.0,0.0,0.2379621,1.0,1,1,
form_2537,constraint_generation,5,2,3,2,3,0,1,1.0,0.0,0.06894474,1.0,1,1,
form_2538,constraint_generation,5,2,3,2,3,0,1,1.0,0.0,0.0136902,1.0,1,1,
form_2539,constraint_generation,5,2,3,2,3,0,1,0.5,0.0,0.08505672,1.0,1,1,
form_2540,constraint_generation,5,2,3,2,3,0,1,1.0,0.0,0.29827053,1.0,1,1,
form_2541,constraint_generation,5,2,3,2,3,0,1,1.0,0.0,0.62284401,1.0,1,1,
form_2542,constraint_generation,5,2,3,2,3,0,1,0.8,0.0,0.20664525,1.0,1,1,
form_2543,constraint_generation,5,2,3,2,3,0,1,0.91666667,0.0,0.05719096,1.0,1,1,
form_2544,constraint_generation,5,2,3,2,3,0,1,0.0,0.0,0.24451986,1.0,1,1,
form_2545,constraint_generation,5,2,3,2,3,0,1,1.0,0.0,0.02513867,1.0,1,1,
form_2546,constraint_generation,5,2,3,2,3,0,1,0.0,0.0,0.75844235,1.0,1,1,
form_2547,constraint_generation,5,2,3,2,3,0,1,1.0,0.0,0.2480961,1.0,1,1,
form_2548,constraint_generation,5,2,3,2,3,0,1,0.77777778,0.0,0.23552921,1.0,1,1,
form_2549,constraint_generation,5,2,3,2,3,0,1,0.71428571,0.0,0.34534633,1.0,1,1,
form_2550,symmetry_breaking,5,2,2,1,2,0,1,0.81818182,0.0,0.0,1.0,1,1,
form_2551,symmetry_breaking,5,2,2,1,2,0,1,0.9375,0.0,0.04851409,1.0,1,1,
form_2552,symmetry_breaking,5,2,2,1,2,0,1,0.81818182,0.0,0.00589976,1.0,1,1,
form_2553,symmetry_breaking,5,2,2,1,2,0,1,0.86363636,0.0,0.10993944,1.0,1,1,
form_2554,symmetry_breaking,5,2,2,1,2,0,1,0.93055556,0.0,0.19377423,1.0,1,1,
form_2555,symmetry_breaking,5,2,2,1,2,0,1,0.72222222,0.0,0.0,1.0,1,1,
form_2556,symmetry_breaking,5,2,2,1,2,0,1,0.875,0.0,0.07121727,1.0,1,1,
form_2557,symmetry_breaking,5,2,2,1,2,0,1,0.97058824,0.0,0.00267738,1.0,1,1,
form_2558,symmetry_breaking,5,2,2,1,2,0,1,0.94444444,0.0,0.10128297,1.0,1,1,
form_2559,symmetry_breaking,5,2,2,1,2,0,1,0.9375,0.0,0.04496706,1.0,1,1,
form_2560,symmetry_breaking,5,2,2,1,2,0,1,0.96610169,0.0,0.06595023,1.0,1,1,
form_2561,symmetry_breaking,5,2,2,1,2,0,1,0.95,0.0,0.10419358,1.0,1,1,
form_2562,symmetry_breaking,5,2,2,1,2,0,1,0.92741935,0.0,0.01257912,1.0,1,1,
form_2563,symmetry_breaking,5,2,2,1,2,0,1,0.86363636,0.0,0.0,1.0,1,1,
form_2564,symmetry_breaking,5,2,2,1,2,0,1,0.8,0.0,0.00428267,1.0,1,1,
form_2565,symmetry_breaking,5,2,2,1,2,0,1,0.75,0.0,0.36379099,1.0,1,1,
form_2566,symmetry_breaking,5,2,2,1,2,0,1,0.59322034,0.0,0.1246522,1.0,1,1,
form_2567,symmetry_breaking,5,2,2,1,2,0,1,0.5,0.0,0.04257289,1.0,1,1,
form_2568,symmetry_breaking,5,2,2,1,2,0,1,0.85714286,0.0,0.33205251,1.0,1,1,
form_2569,symmetry_breaking,5,2,2,1,2,0,1,0.93220339,0.0,0.04496706,1.0,1,1,
form_2570,symmetry_breaking,5,2,2,1,2,0,1,0.87096774,0.0,0.04653741,1.0,1,1,
form_2571,symmetry_breaking,5,2,2,1,2,0,1,0.55555556,0.0,0.32505144,1.0,1,1,
form_2572,symmetry_breaking,5,2,2,1,2,0,1,0.91666667,0.0,0.12168993,1.0,1,1,
form_2573,symmetry_breaking,5,2,2,1,2,0,1,0.93055556,0.0,0.00985246,1.0,1,1,
form_2574,symmetry_breaking,5,2,2,1,2,0,1,0.91666667,0.0,0.26620061,1.0,1,1,
form_2575,symmetry_breaking,5,2,2,1,2,0,1,0.87096774,0.0,0.0139867,1.0,1,1,
form_2576,symmetry_breaking,5,2,2,1,2,0,1,0.975,0.0,0.00506332,1.0,1,1,
form_2577,symmetry_breaking,5,2,2,1,2,0,1,0.875,0.0,0.00836835,1.0,1,1,
form_2578,symmetry_breaking,5,2,2,1,2,0,1,0.97058824,0.0,0.06845902,1.0,1,1,
form_2579,symmetry_breaking,5,2,2,1,2,0,1,0.89830508,0.0,0.29852763,1.0,1,1,
form_2580,symmetry_breaking,5,2,2,1,2,0,1,0.74193548,0.0,0.1339746,1.0,1,1,
form_2581,symmetry_breaking,5,2,2,1,2,0,1,0.91176471,0.0,0.17980047,1.0,1,1,
form_2582,symmetry_breaking,5,2,2,1,2,0,1,0.8,0.0,0.26717189,1.0,1,1,
form_2583,symmetry_breaking,5,2,2,1,2,0,1,0.5,0.0,0.0,1.0,1,1,
form_2584,symmetry_breaking,5,2,2,1,2,0,1,0.82352941,0.0,0.0,1.0,1,1,
form_2585,symmetry_breaking,5,2,2,1,2,0,1,0.85185185,0.0,0.411438,1.0,1,1,
form_2586,symmetry_breaking,5,2,2,1,2,0,1,0.88235294,0.0,0.00569805,1.0,1,1,
form_2587,symmetry_breaking,5,2,2,1,2,0,1,0.56097561,0.0,0.15388589,1.0,1,1,
form_2588,symmetry_breaking,5,2,2,1,2,0,1,0.94444444,0.0,0.01550482,1.0,1,1,
form_2589,symmetry_breaking,5,2,2,1,2,0,1,0.85294118,0.0,0.04178196,1.0,1,1,
form_2590,symmetry_breaking,5,2,2,1,2,0,1,0.81818182,0.0,0.22257116,1.0,1,1,
form_2591,symmetry_breaking,5,2,2,1,2,0,1,0.81818182,0.0,0.13692529,1.0,1,1,
form_2592,symmetry_breaking,5,2,2,1,2,0,1,0.88636364,0.0,0.27239312,1.0,1,1,
form_2593,symmetry_breaking,5,2,2,1,2,0,1,0.93220339,0.0,0.03267674,1.0,1,1,
form_2594,symmetry_breaking,5,2,2,1,2,0,1,0.94444444,0.0,0.12095093,1.0,1,1,
form_2595,symmetry_breaking,5,2,2,1,2,0,1,0.86440678,0.0,0.00397616,1.0,1,1,
form_2596,symmetry_breaking,5,2,2,1,2,0,1,0.70833333,0.0,0.57182558,1.0,1,1,
form_2597,symmetry_breaking,5,2,2,1,2,0,1,1.0,0.0,0.01315847,1.0,1,1,
form_2598,symmetry_breaking,5,2,2,1,2,0,1,0.96296296,0.0,0.00843897,1.0,1,1,
form_2599,symmetry_breaking,5,2,2,1,2,0,1,0.875,0.0,0.01105006,1.0,1,1,
form_2600,symmetry_breaking,5,2,2,1,2,0,1,0.93055556,0.0,0.00626965,1.0,1,1,
form_2601,symmetry_breaking,5,2,2,1,2,0,1,0.84745763,0.0,0.35450278,1.0,1,1,
form_2602,symmetry_breaking,5,2,2,1,2,0,1,0.78125,0.0,0.08712907,1.0,1,1,
form_2603,symmetry_breaking,5,2,2,1,2,0,1,0.85185185,0.0,0.0537311,1.0,1,1,
form_2604,symmetry_breaking,5,2,2,1,2,0,1,0.70731707,0.0,0.25597619,1.0,1,1,
form_2605,symmetry_breaking,5,2,2,1,2,0,1,0.86363636,0.0,0.27029627,1.0,1,1,
form_2606,symmetry_breaking,5,2,2,1,2,0,1,0.48387097,0.0,0.75980777,1.0,1,1,
form_2607,symmetry_breaking,5,2,2,1,2,0,1,0.82352941,0.0,0.07558372,1.0,1,1,
form_2608,symmetry_breaking,5,2,2,1,2,0,1,1.0,0.0,0.02503874,1.0,1,1,
form_2609,symmetry_breaking,5,2,2,1,2,0,1,0.82352941,0.0,0.00325204,1.0,1,1,
form_2610,symmetry_breaking,5,2,2,1,2,0,1,0.75,0.0,0.04424818,1.0,1,1,
form_2611,symmetry_breaking,5,2,2,1,2,0,1,0.625,0.0,0.73273876,1.0,1,1,
form_2612,symmetry_breaking,5,2,2,1,2,0,1,0.69491525,0.0,0.6316058,1.0,1,1,
form_2613,symmetry_breaking,5,2,2,1,2,0,1,0.90909091,0.0,0.0408337,1.0,1,1,
form_2614,symmetry_breaking,5,2,2,1,2,0,1,0.59322034,0.0,0.47389572,1.0,1,1,
form_2615,symmetry_breaking,5,2,2,1,2,0,1,0.88235294,0.0,0.35333021,1.0,1,1,
form_2616,symmetry_breaking,5,2,2,1,2,0,1,0.92857143,0.0,0.13175686,1.0,1,1,
form_2617,symmetry_breaking,5,2,2,1,2,0,1,0.875,0.0,0.21182989,1.0,1,1,
form_2618,symmetry_breaking,5,2,2,1,2,0,1,0.86363636,0.0,0.1180829,1.0,1,1,
form_2619,symmetry_breaking,5,2,2,1,2,0,1,0.86440678,0.0,0.19821627,1.0,1,1,
form_2620,symmetry_breaking,5,2,2,1,2,0,1,0.89583333,0.0,0.11359474,1.0,1,1,
form_2621,symmetry_breaking,5,2,2,1,2,0,1,0.94915254,0.0,0.00255428,1.0,1,1,
form_2622,symmetry_breaking,5,2,2,1,2,0,1,0.72727273,0.0,0.1782186,1.0,1,1,
form_2623,symmetry_breaking,5,2,2,1,2,0,1,0.88888889,0.0,0.01290377,1.0,1,1,
form_2624,symmetry_breaking,5,2,2,1,2,0,1,0.92857143,0.0,0.19821627,1.0,1,1,
form_2625,symmetry_breaking,5,2,2,1,2,0,1,0.78571429,0.0,0.0,1.0,1,1,
form_2626,symmetry_breaking,5,2,2,1,2,0,1,0.62962963,0.0,0.00589976,1.0,1,1,
form_2627,symmetry_breaking,5,2,2,1,2,0,1,0.94117647,0.0,0.00455583,1.0,1,1,
form_2628,symmetry_breaking,5,2,2,1,2,0,1,0.95833333,0.0,0.00501256,1.0,1,1,
form_2629,symmetry_breaking,5,2,2,1,2,0,1,0.9375,0.0,0.06355829,1.0,1,1,
form_2630,context_conditioned_differentiation,5,2,2,2,2,1,1,0.0,0.0,1.0,1.0,0,0,
form_2631,context_conditioned_differentiation,5,2,2,2,2,1,1,0.0,0.0,1.0,1.0,0,0,
form_2632,context_conditioned_differentiation,5,2,2,2,2,1,1,0.0,0.0,1.0,1.0,0,0,
form_2633,context_conditioned_differentiation,5,2,2,2,2,1,1,0.0,0.0,1.0,1.0,0,0,
form_2634,context_conditioned_differentiation,5,2,2,2,2,1,1,0.0,0.0,1.0,1.0,0,0,
form_2635,context_conditioned_differentiation,5,2,2,2,2,1,1,0.0,0.0,1.0,1.0,0,0,
form_2636,context_conditioned_differentiation,5,2,2,2,2,1,1,0.0,0.0,1.0,1.0,0,0,
form_2637,context_conditioned_differentiation,5,2,2,2,2,1,1,0.0,0.0,1.0,1.0,0,0,
form_2638,context_conditioned_differentiation,5,2,2,2,2,1,1,0.0,0.0,1.0,1.0,0,0,
form_2639,context_conditioned_differentiation,5,2,2,2,2,1,1,0.0,0.0,1.0,1.0,0,0,
form_2640,context_conditioned_differentiation,5,2,2,2,2,1,1,0.0,0.0,1.0,1.0,0,0,
form_2641,context_conditioned_differentiation,5,2,2,2,2,1,1,0.0,0.0,1.0,1.0,0,0,
form_2642,context_conditioned_differentiation,5,2,2,2,2,1,1,0.0,0.0,1.0,1.0,0,0,
form_2643,context_conditioned_differentiation,5,2,2,2,2,1,1,0.0,0.0,1.0,1.0,0,0,
form_2644,context_conditioned_differentiation,5,2,2,2,2,1,1,0.0,0.0,1.0,1.0,0,0,
form_2645,context_conditioned_differentiation,5,2,2,2,2,1,1,0.0,0.0,1.0,1.0,0,0,
form_2646,context_conditioned_differentiation,5,2,2,2,2,1,1,0.0,0.0,1.0,1.0,0,0,
form_2647,context_conditioned_differentiation,5,2,2,2,2,1,1,0.0,0.0,1.0,1.0,0,0,
form_2648,context_conditioned_differentiation,5,2,2,2,2,1,1,0.0,0.0,1.0,1.0,0,0,
form_2649,context_conditioned_differentiation,5,2,2,2,2,1,1,0.0,0.0,1.0,1.0,0,0,
form_2650,context_conditioned_differentiation,5,2,2,2,2,1,1,0.0,0.0,1.0,1.0,0,0,
form_2651,context_conditioned_differentiation,5,2,2,2,2,1,1,0.0,0.0,1.0,1.0,0,0,
form_2652,context_conditioned_differentiation,5,2,2,2,2,1,1,0.0,0.0,1.0,1.0,0,0,
form_2653,context_conditioned_differentiation,5,2,2,2,2,1,1,0.0,0.0,1.0,1.0,0,0,
form_2654,context_conditioned_differentiation,5,2,2,2,2,1,1,0.0,0.0,1.0,1.0,0,0,
form_2655,context_conditioned_differentiation,5,2,2,2,2,1,1,0.0,0.0,1.0,1.0,0,0,
form_2656,context_conditioned_differentiation,5,2,2,2,2,1,1,0.0,0.0,1.0,1.0,0,0,
form_2657,context_conditioned_differentiation,5,2,2,2,2,1,1,0.0,0.0,1.0,1.0,0,0,
form_2658,context_conditioned_differentiation,5,2,2,2,2,1,1,0.0,0.0,1.0,1.0,0,0,
form_2659,context_conditioned_differentiation,5,2,2,2,2,1,1,0.0,0.0,1.0,1.0,0,0,
form_2660,context_conditioned_differentiation,5,2,2,2,2,1,1,0.0,0.0,1.0,1.0,0,0,
form_2661,context_conditioned_differentiation,5,2,2,2,2,1,1,0.0,0.0,1.0,1.0,0,0,
form_2662,context_conditioned_differentiation,5,2,2,2,2,1,1,0.0,0.0,1.0,1.0,0,0,
form_2663,context_conditioned_differentiation,5,2,2,2,2,1,1,0.0,0.0,1.0,1.0,0,0,
form_2664,context_conditioned_differentiation,5,2,2,2,2,1,1,0.0,0.0,1.0,1.0,0,0,
form_2665,context_conditioned_differentiation,5,2,2,2,2,1,1,0.0,0.0,1.0,1.0,0,0,
form_2666,context_conditioned_differentiation,5,2,2,2,2,1,1,0.0,0.0,1.0,1.0,0,0,
form_2667,context_conditioned_differentiation,5,2,2,2,2,1,1,0.0,0.0,1.0,1.0,0,0,
form_2668,context_conditioned_differentiation,5,2,2,2,2,1,1,0.0,0.0,1.0,1.0,0,0,
form_2669,context_conditioned_differentiation,5,2,2,2,2,1,1,0.0,0.0,1.0,1.0,0,0,
form_2670,context_conditioned_differentiation,5,2,2,2,2,1,1,0.0,0.0,1.0,1.0,0,0,
form_2671,context_conditioned_differentiation,5,2,2,2,2,1,1,0.0,0.0,1.0,1.0,0,0,
form_2672,context_conditioned_differentiation,5,2,2,2,2,1,1,0.0,0.0,1.0,1.0,0,0,
form_2673,context_conditioned_differentiation,5,2,2,2,2,1,1,0.0,0.0,1.0,1.0,0,0,
form_2674,context_conditioned_differentiation,5,2,2,2,2,1,1,0.0,0.0,1.0,1.0,0,0,
form_2675,context_conditioned_differentiation,5,2,2,2,2,1,1,0.0,0.0,1.0,1.0,0,0,
form_2676,context_conditioned_differentiation,5,2,2,2,2,1,1,0.0,0.0,1.0,1.0,0,0,
form_2677,context_conditioned_differentiation,5,2,2,2,2,1,1,0.0,0.0,1.0,1.0,0,0,
form_2678,context_conditioned_differentiation,5,2,2,2,2,1,1,0.0,0.0,1.0,1.0,0,0,
form_2679,context_conditioned_differentiation,5,2,2,2,2,1,1,0.0,0.0,1.0,1.0,0,0,
form_2680,context_conditioned_differentiation,5,2,2,2,2,1,1,0.0,0.0,1.0,1.0,0,0,
form_2681,context_conditioned_differentiation,5,2,2,2,2,1,1,0.0,0.0,1.0,1.0,0,0,
form_2682,context_conditioned_differentiation,5,2,2,2,2,1,1,0.0,0.0,1.0,1.0,0,0,
form_2683,context_conditioned_differentiation,5,2,2,2,2,1,1,0.0,0.0,1.0,1.0,0,0,
form_2684,context_conditioned_differentiation,5,2,2,2,2,1,1,0.0,0.0,1.0,1.0,0,0,
form_2685,context_conditioned_differentiation,5,2,2,2,2,1,1,0.0,0.0,1.0,1.0,0,0,
form_2686,context_conditioned_differentiation,5,2,2,2,2,1,1,0.0,0.0,1.0,1.0,0,0,
form_2687,context_conditioned_differentiation,5,2,2,2,2,1,1,0.0,0.0,1.0,1.0,0,0,
form_2688,context_conditioned_differentiation,5,2,2,2,2,1,1,0.0,0.0,1.0,1.0,0,0,
form_2689,context_conditioned_differentiation,5,2,2,2,2,1,1,0.0,0.0,1.0,1.0,0,0,
form_2690,context_conditioned_differentiation,5,2,2,2,2,1,1,0.0,0.0,1.0,1.0,0,0,
form_2691,context_conditioned_differentiation,5,2,2,2,2,1,1,0.0,0.0,1.0,1.0,0,0,
form_2692,context_conditioned_differentiation,5,2,2,2,2,1,1,0.0,0.0,1.0,1.0,0,0,
form_2693,context_conditioned_differentiation,5,2,2,2,2,1,1,0.0,0.0,1.0,1.0,0,0,
form_2694,context_conditioned_differentiation,5,2,2,2,2,1,1,0.0,0.0,1.0,1.0,0,0,
form_2695,context_conditioned_differentiation,5,2,2,2,2,1,1,0.0,0.0,1.0,1.0,0,0,
form_2696,context_conditioned_differentiation,5,2,2,2,2,1,1,0.0,0.0,1.0,1.0,0,0,
form_2697,context_conditioned_differentiation,5,2,2,2,2,1,1,0.0,0.0,1.0,1.0,0,0,
form_2698,context_conditioned_differentiation,5,2,2,2,2,1,1,0.0,0.0,1.0,1.0,0,0,
form_2699,context_conditioned_differentiation,5,2,2,2,2,1,1,0.0,0.0,1.0,1.0,0,0,
form_2700,context_conditioned_differentiation,5,2,2,2,2,1,1,0.0,0.0,1.0,1.0,0,0,
form_2701,context_conditioned_differentiation,5,2,2,2,2,1,1,0.0,0.0,1.0,1.0,0,0,
form_2702,context_conditioned_differentiation,5,2,2,2,2,1,1,0.0,0.0,1.0,1.0,0,0,
form_2703,context_conditioned_differentiation,5,2,2,2,2,1,1,0.0,0.0,1.0,1.0,0,0,
form_2704,context_conditioned_differentiation,5,2,2,2,2,1,1,0.0,0.0,1.0,1.0,0,0,
form_2705,context_conditioned_differentiation,5,2,2,2,2,1,1,0.0,0.0,1.0,1.0,0,0,
form_2706,context_conditioned_differentiation,5,2,2,2,2,1,1,0.0,0.0,1.0,1.0,0,0,
form_2707,context_conditioned_differentiation,5,2,2,2,2,1,1,0.0,0.0,1.0,1.0,0,0,
form_2708,context_conditioned_differentiation,5,2,2,2,2,1,1,0.0,0.0,1.0,1.0,0,0,
form_2709,context_conditioned_differentiation,5,2,2,2,2,1,1,0.0,0.0,1.0,1.0,0,0,
form_2710,feedback_induced_organization,5,2,2,2,2,0,0,1.0,0.0,0.59952858,0.58835865,1,0,
form_2711,feedback_induced_organization,5,2,2,2,2,0,0,1.0,0.0,0.35089434,0.34544705,1,0,
form_2712,feedback_induced_organization,5,2,2,2,2,0,0,0.6,0.0,0.22515414,0.0486356,1,0,
form_2713,feedback_induced_organization,5,2,2,2,2,0,0,0.66666667,0.0,0.56517172,0.37697419,1,0,
form_2714,feedback_induced_organization,5,2,2,2,2,0,0,0.0,1.0,0.30708249,0.48139118,1,0,
form_2715,feedback_induced_organization,5,2,2,2,2,0,0,1.0,0.0,0.03216279,0.06403605,1,0,
form_2716,feedback_induced_organization,5,2,2,2,2,0,0,1.0,0.0,0.12883493,0.10248426,1,0,
form_2717,feedback_induced_organization,5,2,2,2,2,0,0,1.0,0.0,0.40443233,0.29483487,1,0,
form_2718,feedback_induced_organization,5,2,2,2,2,0,0,0.0,0.0,0.5527864,0.3598156,0,0,
form_2719,feedback_induced_organization,5,2,2,2,2,0,0,1.0,0.0,0.0741799,0.44231033,1,0,
form_2720,feedback_induced_organization,5,2,2,2,2,0,0,1.0,0.0,0.13103392,0.11927227,1,0,
form_2721,feedback_induced_organization,5,2,2,2,2,0,0,1.0,0.0,0.13029719,0.03950278,1,0,
form_2722,feedback_induced_organization,5,2,2,2,2,0,0,1.0,0.0,0.36223356,0.46306542,1,0,
form_2723,feedback_induced_organization,5,2,2,2,2,0,0,1.0,0.0,0.21331002,0.18789802,1,0,
form_2724,feedback_induced_organization,5,2,2,2,2,0,0,1.0,0.0,0.23281591,0.37438023,1,0,
form_2725,feedback_induced_organization,5,2,2,2,2,0,0,1.0,0.0,0.1083491,0.13044194,1,0,
form_2726,feedback_induced_organization,5,2,2,2,2,0,0,1.0,0.0,0.52500544,0.52143885,1,0,
form_2727,feedback_induced_organization,5,2,2,2,2,0,0,0.5,0.0,0.40993379,0.26034025,1,0,
form_2728,feedback_induced_organization,5,2,2,2,2,0,0,0.33333333,0.0,0.01626125,0.0983408,1,0,
form_2729,feedback_induced_organization,5,2,2,2,2,0,0,1.0,0.0,0.09170489,0.29104783,1,0,
form_2730,feedback_induced_organization,5,2,2,2,2,0,0,1.0,0.0,0.35003085,0.3016567,1,0,
form_2731,feedback_induced_organization,5,2,2,2,2,0,0,1.0,0.0,0.23442106,0.38525048,1,0,
form_2732,feedback_induced_organization,5,2,2,2,2,0,0,0.6,0.0,0.16074567,0.23113123,1,0,
form_2733,feedback_induced_organization,5,2,2,2,2,0,0,0.92857143,0.0,0.25946837,0.50359115,1,0,
form_2734,feedback_induced_organization,5,2,2,2,2,0,0,0.66666667,0.0,0.33552993,0.41846248,1,0,
form_2735,feedback_induced_organization,5,2,2,2,2,0,0,1.0,0.0,0.04281374,0.06063477,1,0,
form_2736,feedback_induced_organization,5,2,2,2,2,0,0,0.42857143,0.0,0.03704999,0.09053795,1,0,
form_2737,feedback_induced_organization,5,2,2,2,2,0,0,0.83333333,0.0,0.16794971,0.2555625,1,0,
form_2738,feedback_induced_organization,5,2,2,2,2,0,0,0.89285714,0.0,0.1339746,0.66677315,1,0,
form_2739,feedback_induced_organization,5,2,2,2,2,0,0,1.0,0.0,0.18906528,0.29037777,1,0,
form_2740,feedback_induced_organization,5,2,2,2,2,0,0,0.75,0.0,0.36499936,0.34196009,1,0,
form_2741,feedback_induced_organization,5,2,2,2,2,0,0,0.91666667,0.0,0.321767,0.51483592,1,0,
form_2742,feedback_induced_organization,5,2,2,2,2,0,0,0.875,0.0,0.07067962,0.1668096,1,0,
form_2743,feedback_induced_organization,5,2,2,2,2,0,0,1.0,0.0,0.37373505,0.50766138,1,0,
form_2744,feedback_induced_organization,5,2,2,2,2,0,0,1.0,0.0,0.04737513,0.1933598,1,0,
form_2745,feedback_induced_organization,5,2,2,2,2,0,0,0.66666667,0.0,0.07216943,0.06268661,1,0,
form_2746,feedback_induced_organization,5,2,2,2,2,0,0,1.0,0.0,0.26494138,0.21398508,1,0,
form_2747,feedback_induced_organization,5,2,2,2,2,0,0,1.0,0.0,0.32827125,0.26932486,1,0,
form_2748,feedback_induced_organization,5,2,2,2,2,0,0,1.0,0.0,0.00784326,0.05370993,1,0,
form_2749,feedback_induced_organization,5,2,2,2,2,0,0,0.75,0.0,0.66905618,0.63108036,1,0,
form_2750,feedback_induced_organization,5,2,2,2,2,0,0,0.0,0.0,0.86516003,0.85308255,0,0,
form_2751,feedback_induced_organization,5,2,2,2,2,0,0,0.92857143,0.0,0.42039884,0.34969595,1,0,
form_2752,feedback_induced_organization,5,2,2,2,2,0,0,0.72727273,0.0,0.23623738,0.00809483,1,0,
form_2753,feedback_induced_organization,5,2,2,2,2,0,0,1.0,0.0,0.43120354,0.5901933,1,0,
form_2754,feedback_induced_organization,5,2,2,2,2,0,0,1.0,0.0,0.14250707,0.4755566,1,0,
form_2755,feedback_induced_organization,5,2,2,2,2,0,0,0.0,0.0,0.35231835,0.33890432,0,0,
form_2756,feedback_induced_organization,5,2,2,2,2,0,0,1.0,0.0,0.22576504,0.09956726,1,0,
form_2757,feedback_induced_organization,5,2,2,2,2,0,0,1.0,0.0,0.1782186,0.20589193,1,0,
form_2758,feedback_induced_organization,5,2,2,2,2,0,0,1.0,0.0,0.20069475,0.42289227,1,0,
form_2759,feedback_induced_organization,5,2,2,2,2,0,0,1.0,0.0,0.28786037,0.17406168,1,0,
form_2760,feedback_induced_organization,5,2,2,2,2,0,0,0.0,0.0,0.55268285,0.53723884,0,0,
form_2761,feedback_induced_organization,5,2,2,2,2,0,0,0.54545455,0.0,0.75381702,0.81415464,1,0,
form_2762,feedback_induced_organization,5,2,2,2,2,0,0,0.6,0.0,0.47678336,0.58520383,1,0,
form_2763,feedback_induced_organization,5,2,2,2,2,0,0,0.84615385,0.0,0.16905103,0.09887803,1,0,
form_2764,feedback_induced_organization,5,2,2,2,2,0,0,0.9,0.0,0.53028208,0.64103035,1,0,
form_2765,feedback_induced_organization,5,2,2,2,2,0,0,0.66666667,0.0,0.67183494,0.6570256,1,0,
form_2766,feedback_induced_organization,5,2,2,2,2,0,0,0.33333333,0.0,0.27452375,0.29482975,1,0,
form_2767,feedback_induced_organization,5,2,2,2,2,0,0,1.0,0.0,0.32546919,0.47786596,1,0,
form_2768,feedback_induced_organization,5,2,2,2,2,0,0,1.0,0.0,0.32966378,0.19675319,1,0,
form_2769,feedback_induced_organization,5,2,2,2,2,0,0,1.0,0.0,0.22996837,0.25233287,1,0,
form_2770,feedback_induced_organization,5,2,2,2,2,0,0,1.0,0.0,0.18678473,0.19644747,1,0,
form_2771,feedback_induced_organization,5,2,2,2,2,0,0,0.55555556,0.0,0.58414867,0.65489132,1,0,
form_2772,feedback_induced_organization,5,2,2,2,2,0,0,1.0,0.0,0.1571708,0.18398716,1,0,
form_2773,feedback_induced_organization,5,2,2,2,2,0,0,0.0,0.0,0.54773298,0.54671679,0,0,
form_2774,feedback_induced_organization,5,2,2,2,2,0,0,1.0,0.0,0.16062794,0.35230339,1,0,
form_2775,feedback_induced_organization,5,2,2,2,2,0,0,1.0,0.0,0.15844983,0.12338695,1,0,
form_2776,feedback_induced_organization,5,2,2,2,2,0,0,1.0,0.0,0.60703572,0.65203241,1,0,
form_2777,feedback_induced_organization,5,2,2,2,2,0,0,1.0,0.0,0.13709542,0.25526707,1,0,
form_2778,feedback_induced_organization,5,2,2,2,2,0,0,1.0,0.0,0.23388767,0.34259634,1,0,
form_2779,feedback_induced_organization,5,2,2,2,2,0,0,1.0,0.0,0.09599946,0.24662608,1,0,
form_2780,feedback_induced_organization,5,2,2,2,2,0,0,0.33333333,0.0,0.46547752,0.48823236,1,0,
form_2781,feedback_induced_organization,5,2,2,2,2,0,0,0.75,0.0,0.02513867,0.02032378,1,0,
form_2782,feedback_induced_organization,5,2,2,2,2,0,0,1.0,0.0,0.02180639,0.03987958,1,0,
form_2783,feedback_induced_organization,5,2,2,2,2,0,0,0.95,0.0,0.15707277,0.42895976,1,0,
form_2784,feedback_induced_organization,5,2,2,2,2,0,0,1.0,0.0,0.08284327,0.21553921,1,0,
form_2785,feedback_induced_organization,5,2,2,2,2,0,0,0.85714286,0.0,0.51961554,0.46472656,1,0,
form_2786,feedback_induced_organization,5,2,2,2,2,0,0,1.0,0.0,0.13281758,0.07086203,1,0,
form_2787,feedback_induced_organization,5,2,2,2,2,0,0,1.0,0.0,0.05913556,0.14852901,1,0,
form_2788,feedback_induced_organization,5,2,2,2,2,0,0,0.0,0.0,0.32760182,0.31208221,0,0,
form_2789,feedback_induced_organization,5,2,2,2,2,0,0,1.0,0.0,0.48680512,0.33352503,1,0,
form_2790,local_to_global_organization,5,2,2,2,2,1,1,0.0,0.0,1.0,1.0,0,0,
form_2791,local_to_global_organization,5,2,2,2,2,1,1,0.0,0.0,1.0,1.0,0,0,
form_2792,local_to_global_organization,5,2,2,2,2,1,1,0.0,0.0,1.0,1.0,0,0,
form_2793,local_to_global_organization,5,2,2,2,2,1,1,0.0,0.0,1.0,1.0,0,0,
form_2794,local_to_global_organization,5,2,2,2,2,1,1,0.0,0.0,1.0,1.0,0,0,
form_2795,local_to_global_organization,5,2,2,2,2,1,1,0.0,0.0,1.0,1.0,0,0,
form_2796,local_to_global_organization,5,2,2,2,2,1,1,0.0,0.0,1.0,1.0,0,0,
form_2797,local_to_global_organization,5,2,2,2,2,1,1,0.0,0.0,1.0,1.0,0,0,
form_2798,local_to_global_organization,5,2,2,2,2,1,1,0.0,0.0,1.0,1.0,0,0,
form_2799,local_to_global_organization,5,2,2,2,2,1,1,0.0,0.0,1.0,1.0,0,0,
form_2800,local_to_global_organization,5,2,2,2,2,1,1,0.0,0.0,1.0,1.0,0,0,
form_2801,local_to_global_organization,5,2,2,2,2,1,1,0.0,0.0,1.0,1.0,0,0,
form_2802,local_to_global_organization,5,2,2,2,2,1,1,0.0,0.0,1.0,1.0,0,0,
form_2803,local_to_global_organization,5,2,2,2,2,1,1,0.0,0.0,1.0,1.0,0,0,
form_2804,local_to_global_organization,5,2,2,2,2,1,1,0.0,0.0,1.0,1.0,0,0,
form_2805,local_to_global_organization,5,2,2,2,2,1,1,0.0,0.0,1.0,1.0,0,0,
form_2806,local_to_global_organization,5,2,2,2,2,1,1,0.0,0.0,1.0,1.0,0,0,
form_2807,local_to_global_organization,5,2,2,2,2,1,1,0.0,0.0,1.0,1.0,0,0,
form_2808,local_to_global_organization,5,2,2,2,2,1,1,0.0,0.0,1.0,1.0,0,0,
form_2809,local_to_global_organization,5,2,2,2,2,1,1,0.0,0.0,1.0,1.0,0,0,
form_2810,local_to_global_organization,5,2,2,2,2,1,1,0.0,0.0,1.0,1.0,0,0,
form_2811,local_to_global_organization,5,2,2,2,2,1,1,0.0,0.0,1.0,1.0,0,0,
form_2812,local_to_global_organization,5,2,2,2,2,1,1,0.0,0.0,1.0,1.0,0,0,
form_2813,local_to_global_organization,5,2,2,2,2,1,1,0.0,0.0,1.0,1.0,0,0,
form_2814,local_to_global_organization,5,2,2,2,2,1,1,0.0,0.0,1.0,1.0,0,0,
form_2815,local_to_global_organization,5,2,2,2,2,1,1,0.0,0.0,1.0,1.0,0,0,
form_2816,local_to_global_organization,5,2,2,2,2,1,1,0.0,0.0,1.0,1.0,0,0,
form_2817,local_to_global_organization,5,2,2,2,2,1,1,0.0,0.0,1.0,1.0,0,0,
form_2818,local_to_global_organization,5,2,2,2,2,1,1,0.0,0.0,1.0,1.0,0,0,
form_2819,local_to_global_organization,5,2,2,2,2,1,1,0.0,0.0,1.0,1.0,0,0,
form_2820,local_to_global_organization,5,2,2,2,2,1,1,0.0,0.0,1.0,1.0,0,0,
form_2821,local_to_global_organization,5,2,2,2,2,1,1,0.0,0.0,1.0,1.0,0,0,
form_2822,local_to_global_organization,5,2,2,2,2,1,1,0.0,0.0,1.0,1.0,0,0,
form_2823,local_to_global_organization,5,2,2,2,2,1,1,0.0,0.0,1.0,1.0,0,0,
form_2824,local_to_global_organization,5,2,2,2,2,1,1,0.0,0.0,1.0,1.0,0,0,
form_2825,local_to_global_organization,5,2,2,2,2,1,1,0.0,0.0,1.0,1.0,0,0,
form_2826,local_to_global_organization,5,2,2,2,2,1,1,0.0,0.0,1.0,1.0,0,0,
form_2827,local_to_global_organization,5,2,2,2,2,1,1,0.0,0.0,1.0,1.0,0,0,
form_2828,local_to_global_organization,5,2,2,2,2,1,1,0.0,0.0,1.0,1.0,0,0,
form_2829,local_to_global_organization,5,2,2,2,2,1,1,0.0,0.0,1.0,1.0,0,0,
form_2830,local_to_global_organization,5,2,2,2,2,1,1,0.0,0.0,1.0,1.0,0,0,
form_2831,local_to_global_organization,5,2,2,2,2,1,1,0.0,0.0,1.0,1.0,0,0,
form_2832,local_to_global_organization,5,2,2,2,2,1,1,0.0,0.0,1.0,1.0,0,0,
form_2833,local_to_global_organization,5,2,2,2,2,1,1,0.0,0.0,1.0,1.0,0,0,
form_2834,local_to_global_organization,5,2,2,2,2,1,1,0.0,0.0,1.0,1.0,0,0,
form_2835,local_to_global_organization,5,2,2,2,2,1,1,0.0,0.0,1.0,1.0,0,0,
form_2836,local_to_global_organization,5,2,2,2,2,1,1,0.0,0.0,1.0,1.0,0,0,
form_2837,local_to_global_organization,5,2,2,2,2,1,1,0.0,0.0,1.0,1.0,0,0,
form_2838,local_to_global_organization,5,2,2,2,2,1,1,0.0,0.0,1.0,1.0,0,0,
form_2839,local_to_global_organization,5,2,2,2,2,1,1,0.0,0.0,1.0,1.0,0,0,
form_2840,local_to_global_organization,5,2,2,2,2,1,1,0.0,0.0,1.0,1.0,0,0,
form_2841,local_to_global_organization,5,2,2,2,2,1,1,0.0,0.0,1.0,1.0,0,0,
form_2842,local_to_global_organization,5,2,2,2,2,1,1,0.0,0.0,1.0,1.0,0,0,
form_2843,local_to_global_organization,5,2,2,2,2,1,1,0.0,0.0,1.0,1.0,0,0,
form_2844,local_to_global_organization,5,2,2,2,2,1,1,0.0,0.0,1.0,1.0,0,0,
form_2845,local_to_global_organization,5,2,2,2,2,1,1,0.0,0.0,1.0,1.0,0,0,
form_2846,local_to_global_organization,5,2,2,2,2,1,1,0.0,0.0,1.0,1.0,0,0,
form_2847,local_to_global_organization,5,2,2,2,2,1,1,0.0,0.0,1.0,1.0,0,0,
form_2848,local_to_global_organization,5,2,2,2,2,1,1,0.0,0.0,1.0,1.0,0,0,
form_2849,local_to_global_organization,5,2,2,2,2,1,1,0.0,0.0,1.0,1.0,0,0,
form_2850,local_to_global_organization,5,2,2,2,2,1,1,0.0,0.0,1.0,1.0,0,0,
form_2851,local_to_global_organization,5,2,2,2,2,1,1,0.0,0.0,1.0,1.0,0,0,
form_2852,local_to_global_organization,5,2,2,2,2,1,1,0.0,0.0,1.0,1.0,0,0,
form_2853,local_to_global_organization,5,2,2,2,2,1,1,0.0,0.0,1.0,1.0,0,0,
form_2854,local_to_global_organization,5,2,2,2,2,1,1,0.0,0.0,1.0,1.0,0,0,
form_2855,local_to_global_organization,5,2,2,2,2,1,1,0.0,0.0,1.0,1.0,0,0,
form_2856,local_to_global_organization,5,2,2,2,2,1,1,0.0,0.0,1.0,1.0,0,0,
form_2857,local_to_global_organization,5,2,2,2,2,1,1,0.0,0.0,1.0,1.0,0,0,
form_2858,local_to_global_organization,5,2,2,2,2,1,1,0.0,0.0,1.0,1.0,0,0,
form_2859,local_to_global_organization,5,2,2,2,2,1,1,0.0,0.0,1.0,1.0,0,0,
form_2860,local_to_global_organization,5,2,2,1,1,1,1,0.0,0.0,1.0,1.0,0,0,
form_2861,local_to_global_organization,5,2,2,2,2,1,1,0.0,0.0,1.0,1.0,0,0,
form_2862,local_to_global_organization,5,2,2,2,2,1,1,0.0,0.0,1.0,1.0,0,0,
form_2863,local_to_global_organization,5,2,2,2,2,1,1,0.0,0.0,1.0,1.0,0,0,
form_2864,local_to_global_organization,5,2,2,2,2,1,1,0.0,0.0,1.0,1.0,0,0,
form_2865,local_to_global_organization,5,2,2,2,2,1,1,0.0,0.0,1.0,1.0,0,0,
form_2866,local_to_global_organization,5,2,2,2,2,1,1,0.0,0.0,1.0,1.0,0,0,
form_2867,local_to_global_organization,5,2,2,2,2,1,1,0.0,0.0,1.0,1.0,0,0,
form_2868,local_to_global_organization,5,2,2,2,2,1,1,0.0,0.0,1.0,1.0,0,0,
form_2869,local_to_global_organization,5,2,2,2,2,1,1,0.0,0.0,1.0,1.0,0,0,
form_2870,intervention_generated_structure,5,2,2,2,2,0,1,0.0,0.0,0.32966378,1.0,1,1,
form_2871,intervention_generated_structure,5,2,2,2,2,0,1,1.0,0.0,0.44286802,1.0,1,1,
form_2872,intervention_generated_structure,5,2,2,2,2,0,1,1.0,0.0,0.57359857,1.0,1,1,
form_2873,intervention_generated_structure,5,2,2,2,2,0,1,0.55555556,0.0,0.12503271,1.0,1,1,
form_2874,intervention_generated_structure,5,2,2,2,2,0,1,0.33333333,0.0,0.81892851,1.0,1,1,
form_2875,intervention_generated_structure,5,2,2,2,2,0,1,0.0,0.0,0.17130322,1.0,1,1,
form_2876,intervention_generated_structure,5,2,2,2,2,0,1,0.75,0.0,0.18350342,1.0,1,1,
form_2877,intervention_generated_structure,5,2,2,2,2,0,1,1.0,0.0,0.10860337,1.0,1,1,
form_2878,intervention_generated_structure,5,2,2,2,2,0,1,1.0,0.0,0.08427394,1.0,1,1,
form_2879,intervention_generated_structure,5,2,2,2,2,0,1,1.0,0.0,0.31641407,1.0,1,1,
form_2880,intervention_generated_structure,5,2,2,2,2,0,1,1.0,0.0,0.52628126,1.0,1,1,
form_2881,intervention_generated_structure,5,2,2,2,2,0,1,0.5,0.0,0.54992315,1.0,1,1,
form_2882,intervention_generated_structure,5,2,2,2,2,0,1,1.0,0.0,0.42950054,1.0,1,1,
form_2883,intervention_generated_structure,5,2,2,2,2,0,1,0.0,0.0,0.39235638,1.0,1,1,
form_2884,intervention_generated_structure,5,2,2,2,2,0,1,0.6,0.0,0.69334596,1.0,1,1,
form_2885,intervention_generated_structure,5,2,2,2,2,0,1,1.0,0.0,0.7136251,1.0,1,1,
form_2886,intervention_generated_structure,5,2,2,2,2,0,1,1.0,0.0,0.27041818,1.0,1,1,
form_2887,intervention_generated_structure,5,2,2,2,2,0,1,1.0,0.0,0.5557101,1.0,1,1,
form_2888,intervention_generated_structure,5,2,2,2,2,0,1,1.0,0.0,0.44916536,1.0,1,1,
form_2889,intervention_generated_structure,5,2,2,2,2,0,1,1.0,0.0,0.38661788,1.0,1,1,
form_2890,intervention_generated_structure,5,2,2,2,2,0,1,0.0,0.0,0.77700499,1.0,1,1,
form_2891,intervention_generated_structure,5,2,2,2,2,0,1,0.0,0.0,0.40234664,1.0,1,1,
form_2892,intervention_generated_structure,5,2,2,2,2,0,1,0.91666667,0.0,0.49125298,1.0,1,1,
form_2893,intervention_generated_structure,5,2,2,2,2,0,1,1.0,0.0,0.52624889,1.0,1,1,
form_2894,intervention_generated_structure,5,2,2,2,2,0,1,1.0,0.0,0.46844536,1.0,1,1,
form_2895,intervention_generated_structure,5,2,2,2,2,0,1,1.0,0.0,0.62203553,1.0,1,1,
form_2896,intervention_generated_structure,5,2,2,2,2,0,1,1.0,0.0,0.50078431,1.0,1,1,
form_2897,intervention_generated_structure,5,2,2,2,2,0,1,0.0,0.0,0.6288428,1.0,1,1,
form_2898,intervention_generated_structure,5,2,2,2,2,0,1,0.79487179,0.0,0.45083035,1.0,1,1,
form_2899,intervention_generated_structure,5,2,2,2,2,0,1,1.0,0.0,0.35581078,1.0,1,1,
form_2900,intervention_generated_structure,5,2,2,2,2,0,1,1.0,0.0,0.53723143,1.0,1,1,
form_2901,intervention_generated_structure,5,2,2,2,2,0,1,1.0,0.0,0.43120354,1.0,1,1,
form_2902,intervention_generated_structure,5,2,2,2,2,0,1,0.0,0.0,0.56575188,1.0,1,1,
form_2903,intervention_generated_structure,5,2,2,2,2,0,1,1.0,0.0,0.49827882,1.0,1,1,
form_2904,intervention_generated_structure,5,2,2,2,2,0,1,0.66666667,0.0,0.66422463,1.0,1,1,
form_2905,intervention_generated_structure,5,2,2,2,2,0,1,1.0,0.0,0.5352758,1.0,1,1,
form_2906,intervention_generated_structure,5,2,2,2,2,0,1,0.75,0.0,0.62203553,1.0,1,1,
form_2907,intervention_generated_structure,5,2,2,2,2,0,1,1.0,0.0,0.29027914,1.0,1,1,
form_2908,intervention_generated_structure,5,2,2,2,2,0,1,0.66666667,0.0,0.56005865,1.0,1,1,
form_2909,intervention_generated_structure,5,2,2,2,2,0,1,0.75,0.0,0.39489352,1.0,1,1,
form_2910,intervention_generated_structure,5,2,2,2,2,0,1,0.0,0.0,0.87068485,1.0,1,1,
form_2911,intervention_generated_structure,5,2,2,2,2,0,1,0.0,0.0,0.50223315,1.0,1,1,
form_2912,intervention_generated_structure,5,2,2,2,2,0,1,0.0,0.0,0.21718523,1.0,1,1,
form_2913,intervention_generated_structure,5,2,2,2,2,0,1,1.0,0.0,0.23205235,1.0,1,1,
form_2914,intervention_generated_structure,5,2,2,2,2,0,1,0.8,0.0,0.08773382,1.0,1,1,
form_2915,intervention_generated_structure,5,2,2,2,2,0,1,0.2,0.0,0.60064708,1.0,1,1,
form_2916,intervention_generated_structure,5,2,2,2,2,0,1,1.0,0.0,0.3,1.0,1,1,
form_2917,intervention_generated_structure,5,2,2,2,2,0,1,0.875,0.0,0.47606317,1.0,1,1,
form_2918,intervention_generated_structure,5,2,2,2,2,0,1,0.75,0.0,0.1888186,1.0,1,1,
form_2919,intervention_generated_structure,5,2,2,2,2,0,1,0.71428571,0.0,0.38411824,1.0,1,1,
form_2920,intervention_generated_structure,5,2,2,2,2,0,1,0.0,0.0,0.62303148,1.0,1,1,
form_2921,intervention_generated_structure,5,2,2,2,2,0,1,0.6,0.0,0.59098505,1.0,1,1,
form_2922,intervention_generated_structure,5,2,2,2,2,0,1,1.0,0.0,0.64512725,1.0,1,1,
form_2923,intervention_generated_structure,5,2,2,2,2,0,1,1.0,0.0,0.43648672,1.0,1,1,
form_2924,intervention_generated_structure,5,2,2,2,2,0,1,0.0,0.0,0.29803588,1.0,1,1,
form_2925,intervention_generated_structure,5,2,2,2,2,0,1,1.0,0.0,0.43120354,1.0,1,1,
form_2926,intervention_generated_structure,5,2,2,2,2,0,1,0.6,0.0,0.60851453,1.0,1,1,
form_2927,intervention_generated_structure,5,2,2,2,2,0,1,0.75,0.0,0.14027305,1.0,1,1,
form_2928,intervention_generated_structure,5,2,2,2,2,0,1,0.0,0.0,0.46660164,1.0,1,1,
form_2929,intervention_generated_structure,5,2,2,2,2,0,1,1.0,0.0,0.30620181,1.0,1,1,
form_2930,intervention_generated_structure,5,2,2,2,2,0,1,0.66666667,0.0,0.37338444,1.0,1,1,
form_2931,intervention_generated_structure,5,2,2,2,2,0,1,1.0,0.0,0.34232631,1.0,1,1,
form_2932,intervention_generated_structure,5,2,2,2,2,0,1,0.66666667,0.0,0.21375461,1.0,1,1,
form_2933,intervention_generated_structure,5,2,2,2,2,0,1,0.0,0.0,0.66081827,1.0,1,1,
form_2934,intervention_generated_structure,5,2,2,2,2,0,1,1.0,0.0,0.21781438,1.0,1,1,
form_2935,intervention_generated_structure,5,2,2,2,2,0,1,0.75,0.0,0.54223187,1.0,1,1,
form_2936,intervention_generated_structure,5,2,2,2,2,0,1,0.96875,0.0,0.38963206,1.0,1,1,
form_2937,intervention_generated_structure,5,2,2,2,2,0,1,0.0,0.0,0.40775469,1.0,1,1,
form_2938,intervention_generated_structure,5,2,2,2,2,0,1,0.0,0.0,0.85011918,1.0,1,1,
form_2939,intervention_generated_structure,5,2,2,2,2,0,1,1.0,0.0,0.7258284,1.0,1,1,
form_2940,intervention_generated_structure,5,2,2,2,2,0,1,0.0,0.0,0.46332088,1.0,1,1,
form_2941,intervention_generated_structure,5,2,2,2,2,0,1,1.0,0.0,0.76892931,1.0,1,1,
form_2942,intervention_generated_structure,5,2,2,2,2,0,1,1.0,0.0,0.23260904,1.0,1,1,
form_2943,intervention_generated_structure,5,2,2,2,2,0,1,0.5,0.0,0.74541246,1.0,1,1,
form_2944,intervention_generated_structure,5,2,2,2,2,0,1,1.0,0.0,0.1064749,1.0,1,1,
form_2945,intervention_generated_structure,5,2,2,2,2,0,1,1.0,0.0,0.53963306,1.0,1,1,
form_2946,intervention_generated_structure,5,2,2,2,2,0,1,1.0,0.0,0.20158633,1.0,1,1,
form_2947,intervention_generated_structure,5,2,2,2,2,0,1,0.875,0.0,0.45227744,1.0,1,1,
form_2948,intervention_generated_structure,5,2,2,2,2,0,1,0.6,0.0,0.45227744,1.0,1,1,
form_2949,intervention_generated_structure,5,2,2,2,2,0,1,0.0,0.0,0.53333333,1.0,1,1,
form_2950,optimization_induced_structure,5,2,2,2,2,0,0,0.0,0.0,0.78258586,0.78258586,0,0,
form_2951,optimization_induced_structure,5,2,2,2,2,0,0,1.0,0.0,0.0182588,0.75871349,1,0,
form_2952,optimization_induced_structure,5,2,2,2,2,0,0,1.0,0.77777778,0.01996399,0.47840742,1,0,
form_2953,optimization_induced_structure,5,2,2,2,2,1,1,0.0,0.0,1.0,1.0,0,0,
form_2954,optimization_induced_structure,5,2,2,2,2,0,0,1.0,1.0,0.55409946,0.55409946,0,0,
form_2955,optimization_induced_structure,5,2,2,2,2,0,0,1.0,1.0,0.12976034,0.34592286,1,0,
form_2956,optimization_induced_structure,5,2,2,2,2,0,0,1.0,1.0,0.07263815,0.18146472,1,0,
form_2957,optimization_induced_structure,5,2,2,2,2,0,0,1.0,1.0,0.17829944,0.38052159,1,0,
form_2958,optimization_induced_structure,5,2,2,2,2,0,0,1.0,1.0,0.09098086,0.31963008,1,0,
form_2959,optimization_induced_structure,5,2,2,2,2,0,0,0.0,0.0,0.63268456,0.66290007,1,0,
form_2960,optimization_induced_structure,5,2,2,2,2,0,0,0.0,0.6,0.31592597,0.72832092,1,0,
form_2961,optimization_induced_structure,5,2,2,2,2,0,0,1.0,1.0,0.15652932,0.58760695,1,0,
form_2962,optimization_induced_structure,5,2,2,2,2,0,0,1.0,1.0,0.27776299,0.32240934,1,0,
form_2963,optimization_induced_structure,5,2,2,2,2,0,0,1.0,0.0,0.10363051,0.19112825,1,0,
form_2964,optimization_induced_structure,5,2,2,2,2,0,0,0.0,0.0,0.46429276,0.46429276,0,0,
form_2965,optimization_induced_structure,5,2,2,2,2,0,0,1.0,1.0,0.06082415,0.06307521,1,0,
form_2966,optimization_induced_structure,5,2,2,2,2,0,0,0.75,0.55555556,0.66216804,0.71495614,1,0,
form_2967,optimization_induced_structure,5,2,2,2,2,0,0,1.0,0.85714286,0.0133297,0.18664985,1,0,
form_2968,optimization_induced_structure,5,2,2,2,2,0,0,1.0,1.0,0.07622111,0.19292938,1,0,
form_2969,optimization_induced_structure,5,2,2,2,2,0,0,1.0,0.5,0.35973608,0.52366949,1,0,
form_2970,optimization_induced_structure,5,2,2,2,2,0,0,1.0,1.0,0.25713268,0.4025696,1,0,
form_2971,optimization_induced_structure,5,2,2,2,2,0,0,1.0,1.0,0.10639226,0.45579981,1,0,
form_2972,optimization_induced_structure,5,2,2,2,2,0,0,0.875,0.9,0.23623738,0.40591147,1,0,
form_2973,optimization_induced_structure,5,2,2,2,2,0,0,0.9,0.9,0.40172205,0.40172205,0,0,
form_2974,optimization_induced_structure,5,2,2,2,2,0,0,0.5,1.0,0.22374997,0.29811179,1,0,
form_2975,optimization_induced_structure,5,2,2,2,2,0,0,1.0,0.33333333,0.5952332,0.6407894,1,0,
form_2976,optimization_induced_structure,5,2,2,2,2,0,0,0.91666667,0.0,0.5864149,0.67070722,1,0,
form_2977,optimization_induced_structure,5,2,2,2,2,0,0,1.0,0.0,0.46770935,0.6878266,1,0,
form_2978,optimization_induced_structure,5,2,2,2,2,0,0,0.0,1.0,0.16153098,0.27544875,1,0,
form_2979,optimization_induced_structure,5,2,2,2,2,0,0,1.0,0.0,0.34171941,0.47156336,1,0,
form_2980,optimization_induced_structure,5,2,2,2,2,0,0,0.5,0.88888889,0.36451109,0.55064148,1,0,
form_2981,optimization_induced_structure,5,2,2,2,2,0,0,0.91666667,0.0,0.47376519,0.7554002,1,0,
form_2982,optimization_induced_structure,5,2,2,2,2,0,0,1.0,0.0,0.08778135,0.82421924,1,0,
form_2983,optimization_induced_structure,5,2,2,2,2,0,0,1.0,1.0,0.08547081,0.24473212,1,0,
form_2984,optimization_induced_structure,5,2,2,2,2,0,0,0.0,0.0,0.68717525,0.79091665,1,0,
form_2985,optimization_induced_structure,5,2,2,2,2,0,0,1.0,1.0,0.02882452,0.12427186,1,0,
form_2986,optimization_induced_structure,5,2,2,2,2,0,0,1.0,0.66666667,0.29985996,0.42828255,1,0,
form_2987,optimization_induced_structure,5,2,2,2,2,0,0,1.0,0.5,0.09388045,0.36754447,1,0,
form_2988,optimization_induced_structure,5,2,2,2,2,0,0,1.0,1.0,0.06168514,0.20670917,1,0,
form_2989,optimization_induced_structure,5,2,2,2,2,0,0,1.0,1.0,0.17576394,0.30843593,1,0,
form_2990,optimization_induced_structure,5,2,2,2,2,0,0,1.0,0.96428571,0.03046403,0.14719713,1,0,
form_2991,optimization_induced_structure,5,2,2,2,2,0,0,1.0,0.6,0.09367303,0.67886919,1,0,
form_2992,optimization_induced_structure,5,2,2,2,2,0,0,1.0,1.0,0.00818568,0.08470444,1,0,
form_2993,optimization_induced_structure,5,2,2,2,2,0,0,1.0,1.0,0.16860102,0.56147099,1,0,
form_2994,optimization_induced_structure,5,2,2,2,2,0,0,1.0,0.0,0.3988806,0.67816066,1,0,
form_2995,optimization_induced_structure,5,2,2,2,2,0,0,0.77777778,1.0,0.20943058,0.2459261,1,0,
form_2996,optimization_induced_structure,5,2,2,2,2,0,0,1.0,1.0,0.16500166,0.32239028,1,0,
form_2997,optimization_induced_structure,5,2,2,2,2,0,0,1.0,1.0,0.16715701,0.1984211,1,0,
form_2998,optimization_induced_structure,5,2,2,2,2,0,0,0.16666667,0.6,0.44291399,0.67510686,1,0,
form_2999,optimization_induced_structure,5,2,2,2,2,0,0,0.33333333,0.2,0.59381441,0.84958579,1,0,
form_3000,optimization_induced_structure,5,2,2,2,2,0,0,0.5,1.0,0.47728438,0.4849769,1,0,
form_3001,optimization_induced_structure,5,2,2,2,2,0,0,0.52941176,0.81818182,0.59353058,0.66666667,1,0,
form_3002,optimization_induced_structure,5,2,2,2,2,0,0,1.0,1.0,0.10653867,0.2962626,1,0,
form_3003,optimization_induced_structure,5,2,2,2,2,0,0,1.0,0.9,0.50200402,0.58397485,1,0,
form_3004,optimization_induced_structure,5,2,2,2,2,0,0,0.94444444,0.0,0.5187735,0.5503224,1,0,
form_3005,optimization_induced_structure,5,2,2,2,2,0,0,1.0,0.83333333,0.13020201,0.65414277,1,0,
form_3006,optimization_induced_structure,5,2,2,2,2,0,0,1.0,1.0,0.04001634,0.243477,1,0,
form_3007,optimization_induced_structure,5,2,2,2,2,0,0,0.0,0.0,0.38593452,0.71357937,1,0,
form_3008,optimization_induced_structure,5,2,2,2,2,0,0,1.0,1.0,0.01233093,0.12481005,1,0,
form_3009,optimization_induced_structure,5,2,2,2,2,0,0,1.0,1.0,0.21387762,0.21387762,0,0,
form_3010,optimization_induced_structure,5,2,2,2,2,0,0,0.92857143,1.0,0.6316058,0.76212131,1,0,
form_3011,optimization_induced_structure,5,2,2,2,2,0,0,0.85714286,0.85714286,0.5082378,0.5082378,0,0,
form_3012,optimization_induced_structure,5,2,2,2,2,0,0,0.66666667,1.0,0.10165845,0.38135952,1,0,
form_3013,optimization_induced_structure,5,2,2,2,2,0,0,1.0,1.0,0.6352029,0.6352029,0,0,
form_3014,optimization_induced_structure,5,2,2,2,2,0,0,0.38461538,0.38461538,0.77178227,0.77178227,0,0,
form_3015,optimization_induced_structure,5,2,2,2,2,0,0,0.5,0.9375,0.23281591,0.57182558,1,0,
form_3016,optimization_induced_structure,5,2,2,2,2,0,0,0.875,0.75,0.14365116,0.36754447,1,0,
form_3017,optimization_induced_structure,5,2,2,2,2,0,0,0.0,1.0,0.2,0.36754447,1,0,
form_3018,optimization_induced_structure,5,2,2,2,2,0,0,1.0,0.5,0.00550968,0.80169256,1,0,
form_3019,optimization_induced_structure,5,2,2,2,2,0,0,0.66666667,0.0,0.16794971,0.56182195,1,0,
form_3020,optimization_induced_structure,5,2,2,2,2,0,0,0.73333333,0.0,0.0513167,0.15484575,1,0,
form_3021,optimization_induced_structure,5,2,2,2,2,0,0,1.0,1.0,0.23205235,0.40085531,1,0,
form_3022,optimization_induced_structure,5,2,2,2,2,0,0,1.0,1.0,0.5883637,0.5883637,0,0,
form_3023,optimization_induced_structure,5,2,2,2,2,0,0,1.0,1.0,0.06630044,0.59308455,1,0,
form_3024,optimization_induced_structure,5,2,2,2,2,0,0,1.0,1.0,0.08080482,0.28460884,1,0,
form_3025,optimization_induced_structure,5,2,2,2,2,0,0,1.0,0.91666667,0.03216279,0.60522898,1,0,
form_3026,optimization_induced_structure,5,2,2,2,2,0,0,0.77777778,0.7,0.59688711,0.73431553,1,0,
form_3027,optimization_induced_structure,5,2,2,2,2,0,0,1.0,1.0,0.36620269,0.36620269,0,0,
form_3028,optimization_induced_structure,5,2,2,2,2,0,0,1.0,0.5,0.06679096,0.78501515,1,0,
form_3029,optimization_induced_structure,5,2,2,2,2,0,0,1.0,1.0,0.10754292,0.12039058,1,0,
